Filename;Annotation tag;Upper left corner X;Upper left corner Y;Lower right corner X;Lower right corner Y;Occluded
LINEMOD/kotak/JPEGImages/0.jpg;LINEMOD/kotak;275;51;385;199;0
LINEMOD/kotak/JPEGImages/1.jpg;LINEMOD/kotak;275;51;386;199;0
LINEMOD/kotak/JPEGImages/2.jpg;LINEMOD/kotak;275;51;385;199;0
LINEMOD/kotak/JPEGImages/3.jpg;LINEMOD/kotak;275;51;385;199;0
LINEMOD/kotak/JPEGImages/4.jpg;LINEMOD/kotak;275;51;386;199;0
LINEMOD/kotak/JPEGImages/5.jpg;LINEMOD/kotak;275;51;385;199;0
LINEMOD/kotak/JPEGImages/6.jpg;LINEMOD/kotak;275;51;385;199;0
LINEMOD/kotak/JPEGImages/7.jpg;LINEMOD/kotak;275;51;385;199;0
LINEMOD/kotak/JPEGImages/8.jpg;LINEMOD/kotak;275;51;386;199;0
LINEMOD/kotak/JPEGImages/9.jpg;LINEMOD/kotak;275;51;385;199;0
LINEMOD/kotak/JPEGImages/10.jpg;LINEMOD/kotak;275;51;386;199;0
LINEMOD/kotak/JPEGImages/11.jpg;LINEMOD/kotak;275;51;385;199;0
LINEMOD/kotak/JPEGImages/12.jpg;LINEMOD/kotak;275;51;385;199;0
LINEMOD/kotak/JPEGImages/13.jpg;LINEMOD/kotak;274;51;384;199;0
LINEMOD/kotak/JPEGImages/14.jpg;LINEMOD/kotak;272;50;383;199;0
LINEMOD/kotak/JPEGImages/15.jpg;LINEMOD/kotak;272;52;382;200;0
LINEMOD/kotak/JPEGImages/16.jpg;LINEMOD/kotak;272;52;383;201;0
LINEMOD/kotak/JPEGImages/17.jpg;LINEMOD/kotak;272;51;386;201;0
LINEMOD/kotak/JPEGImages/18.jpg;LINEMOD/kotak;276;51;389;201;0
LINEMOD/kotak/JPEGImages/19.jpg;LINEMOD/kotak;277;52;391;202;0
LINEMOD/kotak/JPEGImages/20.jpg;LINEMOD/kotak;278;52;394;203;0
LINEMOD/kotak/JPEGImages/21.jpg;LINEMOD/kotak;278;52;393;204;0
LINEMOD/kotak/JPEGImages/22.jpg;LINEMOD/kotak;278;53;394;205;0
LINEMOD/kotak/JPEGImages/23.jpg;LINEMOD/kotak;278;53;395;205;0
LINEMOD/kotak/JPEGImages/24.jpg;LINEMOD/kotak;278;53;396;206;0
LINEMOD/kotak/JPEGImages/25.jpg;LINEMOD/kotak;280;53;398;206;0
LINEMOD/kotak/JPEGImages/26.jpg;LINEMOD/kotak;286;52;405;206;0
LINEMOD/kotak/JPEGImages/27.jpg;LINEMOD/kotak;288;52;408;206;0
LINEMOD/kotak/JPEGImages/28.jpg;LINEMOD/kotak;289;52;409;207;0
LINEMOD/kotak/JPEGImages/29.jpg;LINEMOD/kotak;287;52;409;207;0
LINEMOD/kotak/JPEGImages/30.jpg;LINEMOD/kotak;284;51;405;208;0
LINEMOD/kotak/JPEGImages/31.jpg;LINEMOD/kotak;279;52;400;209;0
LINEMOD/kotak/JPEGImages/32.jpg;LINEMOD/kotak;282;50;403;209;0
LINEMOD/kotak/JPEGImages/33.jpg;LINEMOD/kotak;289;50;411;208;0
LINEMOD/kotak/JPEGImages/34.jpg;LINEMOD/kotak;292;50;416;209;0
LINEMOD/kotak/JPEGImages/35.jpg;LINEMOD/kotak;300;49;424;208;0
LINEMOD/kotak/JPEGImages/36.jpg;LINEMOD/kotak;307;49;432;208;0
LINEMOD/kotak/JPEGImages/37.jpg;LINEMOD/kotak;313;49;439;208;0
LINEMOD/kotak/JPEGImages/38.jpg;LINEMOD/kotak;317;49;444;208;0
LINEMOD/kotak/JPEGImages/39.jpg;LINEMOD/kotak;319;48;446;208;0
LINEMOD/kotak/JPEGImages/40.jpg;LINEMOD/kotak;319;48;447;208;0
LINEMOD/kotak/JPEGImages/41.jpg;LINEMOD/kotak;317;48;443;209;0
LINEMOD/kotak/JPEGImages/42.jpg;LINEMOD/kotak;314;49;440;210;0
LINEMOD/kotak/JPEGImages/43.jpg;LINEMOD/kotak;312;48;437;210;0
LINEMOD/kotak/JPEGImages/44.jpg;LINEMOD/kotak;311;49;437;211;0
LINEMOD/kotak/JPEGImages/45.jpg;LINEMOD/kotak;310;49;436;212;0
LINEMOD/kotak/JPEGImages/46.jpg;LINEMOD/kotak;310;49;436;212;0
LINEMOD/kotak/JPEGImages/47.jpg;LINEMOD/kotak;309;49;434;212;0
LINEMOD/kotak/JPEGImages/48.jpg;LINEMOD/kotak;308;50;433;212;0
LINEMOD/kotak/JPEGImages/49.jpg;LINEMOD/kotak;308;49;433;213;0
LINEMOD/kotak/JPEGImages/50.jpg;LINEMOD/kotak;308;50;433;213;0
LINEMOD/kotak/JPEGImages/51.jpg;LINEMOD/kotak;308;49;433;212;0
LINEMOD/kotak/JPEGImages/52.jpg;LINEMOD/kotak;308;49;433;212;0
LINEMOD/kotak/JPEGImages/53.jpg;LINEMOD/kotak;308;49;433;212;0
LINEMOD/kotak/JPEGImages/54.jpg;LINEMOD/kotak;308;50;433;212;0
LINEMOD/kotak/JPEGImages/55.jpg;LINEMOD/kotak;308;50;433;212;0
LINEMOD/kotak/JPEGImages/56.jpg;LINEMOD/kotak;309;50;434;212;0
LINEMOD/kotak/JPEGImages/57.jpg;LINEMOD/kotak;311;50;436;212;0
LINEMOD/kotak/JPEGImages/58.jpg;LINEMOD/kotak;315;50;440;212;0
LINEMOD/kotak/JPEGImages/59.jpg;LINEMOD/kotak;318;51;445;212;0
LINEMOD/kotak/JPEGImages/60.jpg;LINEMOD/kotak;320;52;447;213;0
LINEMOD/kotak/JPEGImages/61.jpg;LINEMOD/kotak;320;53;447;213;0
LINEMOD/kotak/JPEGImages/62.jpg;LINEMOD/kotak;321;53;449;214;0
LINEMOD/kotak/JPEGImages/63.jpg;LINEMOD/kotak;321;55;450;215;0
LINEMOD/kotak/JPEGImages/64.jpg;LINEMOD/kotak;325;56;455;216;0
LINEMOD/kotak/JPEGImages/65.jpg;LINEMOD/kotak;326;57;455;217;0
LINEMOD/kotak/JPEGImages/66.jpg;LINEMOD/kotak;326;59;456;217;0
LINEMOD/kotak/JPEGImages/67.jpg;LINEMOD/kotak;324;59;453;218;0
LINEMOD/kotak/JPEGImages/68.jpg;LINEMOD/kotak;323;61;451;218;0
LINEMOD/kotak/JPEGImages/69.jpg;LINEMOD/kotak;322;62;451;219;0
LINEMOD/kotak/JPEGImages/70.jpg;LINEMOD/kotak;321;64;450;220;0
LINEMOD/kotak/JPEGImages/71.jpg;LINEMOD/kotak;321;65;450;221;0
LINEMOD/kotak/JPEGImages/72.jpg;LINEMOD/kotak;323;65;452;221;0
LINEMOD/kotak/JPEGImages/73.jpg;LINEMOD/kotak;324;66;453;221;0
LINEMOD/kotak/JPEGImages/74.jpg;LINEMOD/kotak;325;67;453;221;0
LINEMOD/kotak/JPEGImages/75.jpg;LINEMOD/kotak;325;68;453;221;0
LINEMOD/kotak/JPEGImages/76.jpg;LINEMOD/kotak;323;68;450;221;0
LINEMOD/kotak/JPEGImages/77.jpg;LINEMOD/kotak;321;68;447;221;0
LINEMOD/kotak/JPEGImages/78.jpg;LINEMOD/kotak;318;67;443;220;0
LINEMOD/kotak/JPEGImages/79.jpg;LINEMOD/kotak;314;67;438;220;0
LINEMOD/kotak/JPEGImages/80.jpg;LINEMOD/kotak;309;68;433;220;0
LINEMOD/kotak/JPEGImages/81.jpg;LINEMOD/kotak;305;67;428;219;0
LINEMOD/kotak/JPEGImages/82.jpg;LINEMOD/kotak;304;68;426;219;0
LINEMOD/kotak/JPEGImages/83.jpg;LINEMOD/kotak;302;67;423;219;0
LINEMOD/kotak/JPEGImages/84.jpg;LINEMOD/kotak;300;67;420;218;0
LINEMOD/kotak/JPEGImages/85.jpg;LINEMOD/kotak;299;67;419;218;0
LINEMOD/kotak/JPEGImages/86.jpg;LINEMOD/kotak;296;67;416;217;0
LINEMOD/kotak/JPEGImages/87.jpg;LINEMOD/kotak;295;67;414;217;0
LINEMOD/kotak/JPEGImages/88.jpg;LINEMOD/kotak;292;66;409;217;0
LINEMOD/kotak/JPEGImages/89.jpg;LINEMOD/kotak;288;66;405;216;0
LINEMOD/kotak/JPEGImages/90.jpg;LINEMOD/kotak;285;65;400;215;0
LINEMOD/kotak/JPEGImages/91.jpg;LINEMOD/kotak;283;65;396;215;0
LINEMOD/kotak/JPEGImages/92.jpg;LINEMOD/kotak;281;65;395;214;0
LINEMOD/kotak/JPEGImages/93.jpg;LINEMOD/kotak;280;64;392;214;0
LINEMOD/kotak/JPEGImages/94.jpg;LINEMOD/kotak;280;63;391;213;0
LINEMOD/kotak/JPEGImages/95.jpg;LINEMOD/kotak;279;60;390;212;0
LINEMOD/kotak/JPEGImages/96.jpg;LINEMOD/kotak;275;59;385;211;0
LINEMOD/kotak/JPEGImages/97.jpg;LINEMOD/kotak;274;59;383;210;0
LINEMOD/kotak/JPEGImages/98.jpg;LINEMOD/kotak;271;59;380;210;0
LINEMOD/kotak/JPEGImages/99.jpg;LINEMOD/kotak;267;56;376;209;0
LINEMOD/kotak/JPEGImages/100.jpg;LINEMOD/kotak;262;55;371;208;0
LINEMOD/kotak/JPEGImages/101.jpg;LINEMOD/kotak;256;54;366;207;0
LINEMOD/kotak/JPEGImages/102.jpg;LINEMOD/kotak;254;53;364;207;0
LINEMOD/kotak/JPEGImages/103.jpg;LINEMOD/kotak;253;52;363;206;0
LINEMOD/kotak/JPEGImages/104.jpg;LINEMOD/kotak;251;52;362;205;0
LINEMOD/kotak/JPEGImages/105.jpg;LINEMOD/kotak;251;50;362;205;0
LINEMOD/kotak/JPEGImages/106.jpg;LINEMOD/kotak;249;49;360;204;0
LINEMOD/kotak/JPEGImages/107.jpg;LINEMOD/kotak;247;48;359;203;0
LINEMOD/kotak/JPEGImages/108.jpg;LINEMOD/kotak;246;47;358;203;0
LINEMOD/kotak/JPEGImages/109.jpg;LINEMOD/kotak;246;46;358;202;0
LINEMOD/kotak/JPEGImages/110.jpg;LINEMOD/kotak;249;45;361;200;0
LINEMOD/kotak/JPEGImages/111.jpg;LINEMOD/kotak;249;44;362;200;0
LINEMOD/kotak/JPEGImages/112.jpg;LINEMOD/kotak;246;42;359;199;0
LINEMOD/kotak/JPEGImages/113.jpg;LINEMOD/kotak;244;42;357;199;0
LINEMOD/kotak/JPEGImages/114.jpg;LINEMOD/kotak;242;42;355;199;0
LINEMOD/kotak/JPEGImages/115.jpg;LINEMOD/kotak;242;42;354;199;0
LINEMOD/kotak/JPEGImages/116.jpg;LINEMOD/kotak;241;42;354;199;0
LINEMOD/kotak/JPEGImages/117.jpg;LINEMOD/kotak;241;42;354;199;0
LINEMOD/kotak/JPEGImages/118.jpg;LINEMOD/kotak;241;42;354;199;0
LINEMOD/kotak/JPEGImages/119.jpg;LINEMOD/kotak;242;42;355;199;0
LINEMOD/kotak/JPEGImages/120.jpg;LINEMOD/kotak;241;42;354;199;0
LINEMOD/kotak/JPEGImages/121.jpg;LINEMOD/kotak;242;42;354;198;0
LINEMOD/kotak/JPEGImages/122.jpg;LINEMOD/kotak;242;42;355;199;0
LINEMOD/kotak/JPEGImages/123.jpg;LINEMOD/kotak;241;42;354;198;0
LINEMOD/kotak/JPEGImages/124.jpg;LINEMOD/kotak;242;42;355;199;0
LINEMOD/kotak/JPEGImages/125.jpg;LINEMOD/kotak;242;42;355;198;0
LINEMOD/kotak/JPEGImages/126.jpg;LINEMOD/kotak;242;42;354;199;0
LINEMOD/kotak/JPEGImages/127.jpg;LINEMOD/kotak;242;42;355;199;0
LINEMOD/kotak/JPEGImages/128.jpg;LINEMOD/kotak;242;42;355;199;0
LINEMOD/kotak/JPEGImages/129.jpg;LINEMOD/kotak;242;42;355;199;0
LINEMOD/kotak/JPEGImages/130.jpg;LINEMOD/kotak;242;43;355;199;0
LINEMOD/kotak/JPEGImages/131.jpg;LINEMOD/kotak;243;43;355;199;0
LINEMOD/kotak/JPEGImages/132.jpg;LINEMOD/kotak;243;44;356;200;0
LINEMOD/kotak/JPEGImages/133.jpg;LINEMOD/kotak;245;45;357;201;0
LINEMOD/kotak/JPEGImages/134.jpg;LINEMOD/kotak;246;47;357;202;0
LINEMOD/kotak/JPEGImages/135.jpg;LINEMOD/kotak;245;48;357;203;0
LINEMOD/kotak/JPEGImages/136.jpg;LINEMOD/kotak;243;50;355;205;0
LINEMOD/kotak/JPEGImages/137.jpg;LINEMOD/kotak;242;53;354;208;0
LINEMOD/kotak/JPEGImages/138.jpg;LINEMOD/kotak;241;55;353;209;0
LINEMOD/kotak/JPEGImages/139.jpg;LINEMOD/kotak;245;58;356;211;0
LINEMOD/kotak/JPEGImages/140.jpg;LINEMOD/kotak;247;58;358;212;0
LINEMOD/kotak/JPEGImages/141.jpg;LINEMOD/kotak;249;59;360;213;0
LINEMOD/kotak/JPEGImages/142.jpg;LINEMOD/kotak;250;61;360;214;0
LINEMOD/kotak/JPEGImages/143.jpg;LINEMOD/kotak;250;61;361;215;0
LINEMOD/kotak/JPEGImages/144.jpg;LINEMOD/kotak;251;63;362;216;0
LINEMOD/kotak/JPEGImages/145.jpg;LINEMOD/kotak;252;64;363;217;0
LINEMOD/kotak/JPEGImages/146.jpg;LINEMOD/kotak;254;67;365;219;0
LINEMOD/kotak/JPEGImages/147.jpg;LINEMOD/kotak;257;68;367;221;0
LINEMOD/kotak/JPEGImages/148.jpg;LINEMOD/kotak;261;70;371;223;0
LINEMOD/kotak/JPEGImages/149.jpg;LINEMOD/kotak;264;71;374;223;0
LINEMOD/kotak/JPEGImages/150.jpg;LINEMOD/kotak;271;71;382;223;0
LINEMOD/kotak/JPEGImages/151.jpg;LINEMOD/kotak;274;71;386;224;0
LINEMOD/kotak/JPEGImages/152.jpg;LINEMOD/kotak;273;73;384;225;0
LINEMOD/kotak/JPEGImages/153.jpg;LINEMOD/kotak;271;74;383;226;0
LINEMOD/kotak/JPEGImages/154.jpg;LINEMOD/kotak;271;75;383;226;0
LINEMOD/kotak/JPEGImages/155.jpg;LINEMOD/kotak;270;76;382;227;0
LINEMOD/kotak/JPEGImages/156.jpg;LINEMOD/kotak;269;77;381;228;0
LINEMOD/kotak/JPEGImages/157.jpg;LINEMOD/kotak;268;78;381;229;0
LINEMOD/kotak/JPEGImages/158.jpg;LINEMOD/kotak;268;78;382;229;0
LINEMOD/kotak/JPEGImages/159.jpg;LINEMOD/kotak;269;78;382;229;0
LINEMOD/kotak/JPEGImages/160.jpg;LINEMOD/kotak;270;78;383;229;0
LINEMOD/kotak/JPEGImages/161.jpg;LINEMOD/kotak;270;78;384;229;0
LINEMOD/kotak/JPEGImages/162.jpg;LINEMOD/kotak;270;78;384;229;0
LINEMOD/kotak/JPEGImages/163.jpg;LINEMOD/kotak;270;78;385;229;0
LINEMOD/kotak/JPEGImages/164.jpg;LINEMOD/kotak;271;79;385;229;0
LINEMOD/kotak/JPEGImages/165.jpg;LINEMOD/kotak;271;79;385;229;0
LINEMOD/kotak/JPEGImages/166.jpg;LINEMOD/kotak;271;78;386;229;0
LINEMOD/kotak/JPEGImages/167.jpg;LINEMOD/kotak;291;37;368;205;0
LINEMOD/kotak/JPEGImages/168.jpg;LINEMOD/kotak;291;37;368;206;0
LINEMOD/kotak/JPEGImages/169.jpg;LINEMOD/kotak;291;37;368;206;0
LINEMOD/kotak/JPEGImages/170.jpg;LINEMOD/kotak;291;37;368;206;0
LINEMOD/kotak/JPEGImages/171.jpg;LINEMOD/kotak;291;37;368;206;0
LINEMOD/kotak/JPEGImages/172.jpg;LINEMOD/kotak;291;37;368;206;0
LINEMOD/kotak/JPEGImages/173.jpg;LINEMOD/kotak;291;37;368;205;0
LINEMOD/kotak/JPEGImages/174.jpg;LINEMOD/kotak;291;37;368;206;0
LINEMOD/kotak/JPEGImages/175.jpg;LINEMOD/kotak;291;37;368;206;0
LINEMOD/kotak/JPEGImages/176.jpg;LINEMOD/kotak;290;37;368;206;0
LINEMOD/kotak/JPEGImages/177.jpg;LINEMOD/kotak;289;37;366;206;0
LINEMOD/kotak/JPEGImages/178.jpg;LINEMOD/kotak;288;37;365;206;0
LINEMOD/kotak/JPEGImages/179.jpg;LINEMOD/kotak;285;38;363;207;0
LINEMOD/kotak/JPEGImages/180.jpg;LINEMOD/kotak;282;38;360;207;0
LINEMOD/kotak/JPEGImages/181.jpg;LINEMOD/kotak;279;38;358;208;0
LINEMOD/kotak/JPEGImages/182.jpg;LINEMOD/kotak;278;39;357;208;0
LINEMOD/kotak/JPEGImages/183.jpg;LINEMOD/kotak;275;39;355;209;0
LINEMOD/kotak/JPEGImages/184.jpg;LINEMOD/kotak;273;39;354;209;0
LINEMOD/kotak/JPEGImages/185.jpg;LINEMOD/kotak;271;39;354;209;0
LINEMOD/kotak/JPEGImages/186.jpg;LINEMOD/kotak;271;39;353;209;0
LINEMOD/kotak/JPEGImages/187.jpg;LINEMOD/kotak;269;39;353;210;0
LINEMOD/kotak/JPEGImages/188.jpg;LINEMOD/kotak;268;40;353;210;0
LINEMOD/kotak/JPEGImages/189.jpg;LINEMOD/kotak;267;39;353;210;0
LINEMOD/kotak/JPEGImages/190.jpg;LINEMOD/kotak;267;39;353;210;0
LINEMOD/kotak/JPEGImages/191.jpg;LINEMOD/kotak;265;40;352;211;0
LINEMOD/kotak/JPEGImages/192.jpg;LINEMOD/kotak;263;40;352;211;0
LINEMOD/kotak/JPEGImages/193.jpg;LINEMOD/kotak;263;40;352;212;0
LINEMOD/kotak/JPEGImages/194.jpg;LINEMOD/kotak;262;41;352;212;0
LINEMOD/kotak/JPEGImages/195.jpg;LINEMOD/kotak;261;41;352;213;0
LINEMOD/kotak/JPEGImages/196.jpg;LINEMOD/kotak;261;41;352;213;0
LINEMOD/kotak/JPEGImages/197.jpg;LINEMOD/kotak;262;41;353;213;0
LINEMOD/kotak/JPEGImages/198.jpg;LINEMOD/kotak;262;41;354;212;0
LINEMOD/kotak/JPEGImages/199.jpg;LINEMOD/kotak;262;40;353;213;0
LINEMOD/kotak/JPEGImages/200.jpg;LINEMOD/kotak;256;41;353;214;0
LINEMOD/kotak/JPEGImages/201.jpg;LINEMOD/kotak;259;41;352;213;0
LINEMOD/kotak/JPEGImages/202.jpg;LINEMOD/kotak;257;41;351;213;0
LINEMOD/kotak/JPEGImages/203.jpg;LINEMOD/kotak;254;41;350;213;0
LINEMOD/kotak/JPEGImages/204.jpg;LINEMOD/kotak;252;42;349;214;0
LINEMOD/kotak/JPEGImages/205.jpg;LINEMOD/kotak;249;43;348;215;0
LINEMOD/kotak/JPEGImages/206.jpg;LINEMOD/kotak;247;43;346;216;0
LINEMOD/kotak/JPEGImages/207.jpg;LINEMOD/kotak;244;43;344;216;0
LINEMOD/kotak/JPEGImages/208.jpg;LINEMOD/kotak;239;45;341;217;0
LINEMOD/kotak/JPEGImages/209.jpg;LINEMOD/kotak;239;45;342;217;0
LINEMOD/kotak/JPEGImages/210.jpg;LINEMOD/kotak;241;45;344;217;0
LINEMOD/kotak/JPEGImages/211.jpg;LINEMOD/kotak;244;45;347;218;0
LINEMOD/kotak/JPEGImages/212.jpg;LINEMOD/kotak;245;46;348;218;0
LINEMOD/kotak/JPEGImages/213.jpg;LINEMOD/kotak;245;46;348;218;0
LINEMOD/kotak/JPEGImages/214.jpg;LINEMOD/kotak;242;46;347;218;0
LINEMOD/kotak/JPEGImages/215.jpg;LINEMOD/kotak;239;47;345;219;0
LINEMOD/kotak/JPEGImages/216.jpg;LINEMOD/kotak;237;48;344;220;0
LINEMOD/kotak/JPEGImages/217.jpg;LINEMOD/kotak;234;49;341;221;0
LINEMOD/kotak/JPEGImages/218.jpg;LINEMOD/kotak;231;49;339;221;0
LINEMOD/kotak/JPEGImages/219.jpg;LINEMOD/kotak;226;50;336;222;0
LINEMOD/kotak/JPEGImages/220.jpg;LINEMOD/kotak;223;51;334;223;0
LINEMOD/kotak/JPEGImages/221.jpg;LINEMOD/kotak;220;51;332;225;0
LINEMOD/kotak/JPEGImages/222.jpg;LINEMOD/kotak;219;52;331;225;0
LINEMOD/kotak/JPEGImages/223.jpg;LINEMOD/kotak;220;53;331;225;0
LINEMOD/kotak/JPEGImages/224.jpg;LINEMOD/kotak;220;52;331;225;0
LINEMOD/kotak/JPEGImages/225.jpg;LINEMOD/kotak;219;53;331;225;0
LINEMOD/kotak/JPEGImages/226.jpg;LINEMOD/kotak;219;52;331;225;0
LINEMOD/kotak/JPEGImages/227.jpg;LINEMOD/kotak;220;53;331;225;0
LINEMOD/kotak/JPEGImages/228.jpg;LINEMOD/kotak;219;53;331;225;0
LINEMOD/kotak/JPEGImages/229.jpg;LINEMOD/kotak;220;53;331;225;0
LINEMOD/kotak/JPEGImages/230.jpg;LINEMOD/kotak;220;52;331;225;0
LINEMOD/kotak/JPEGImages/231.jpg;LINEMOD/kotak;219;52;331;225;0
LINEMOD/kotak/JPEGImages/232.jpg;LINEMOD/kotak;220;53;331;226;0
LINEMOD/kotak/JPEGImages/233.jpg;LINEMOD/kotak;221;53;332;226;0
LINEMOD/kotak/JPEGImages/234.jpg;LINEMOD/kotak;221;53;332;225;0
LINEMOD/kotak/JPEGImages/235.jpg;LINEMOD/kotak;224;53;333;226;0
LINEMOD/kotak/JPEGImages/236.jpg;LINEMOD/kotak;225;53;333;226;0
LINEMOD/kotak/JPEGImages/237.jpg;LINEMOD/kotak;224;53;332;227;0
LINEMOD/kotak/JPEGImages/238.jpg;LINEMOD/kotak;224;54;331;227;0
LINEMOD/kotak/JPEGImages/239.jpg;LINEMOD/kotak;225;53;331;227;0
LINEMOD/kotak/JPEGImages/240.jpg;LINEMOD/kotak;226;54;331;227;0
LINEMOD/kotak/JPEGImages/241.jpg;LINEMOD/kotak;227;53;330;226;0
LINEMOD/kotak/JPEGImages/242.jpg;LINEMOD/kotak;227;53;329;227;0
LINEMOD/kotak/JPEGImages/243.jpg;LINEMOD/kotak;227;53;329;227;0
LINEMOD/kotak/JPEGImages/244.jpg;LINEMOD/kotak;228;53;329;227;0
LINEMOD/kotak/JPEGImages/245.jpg;LINEMOD/kotak;231;52;330;226;0
LINEMOD/kotak/JPEGImages/246.jpg;LINEMOD/kotak;233;52;332;226;0
LINEMOD/kotak/JPEGImages/247.jpg;LINEMOD/kotak;237;51;334;225;0
LINEMOD/kotak/JPEGImages/248.jpg;LINEMOD/kotak;240;50;336;225;0
LINEMOD/kotak/JPEGImages/249.jpg;LINEMOD/kotak;246;48;339;222;0
LINEMOD/kotak/JPEGImages/250.jpg;LINEMOD/kotak;249;48;341;220;0
LINEMOD/kotak/JPEGImages/251.jpg;LINEMOD/kotak;252;47;342;219;0
LINEMOD/kotak/JPEGImages/252.jpg;LINEMOD/kotak;254;45;344;218;0
LINEMOD/kotak/JPEGImages/253.jpg;LINEMOD/kotak;259;44;347;216;0
LINEMOD/kotak/JPEGImages/254.jpg;LINEMOD/kotak;263;43;349;215;0
LINEMOD/kotak/JPEGImages/255.jpg;LINEMOD/kotak;266;43;351;215;0
LINEMOD/kotak/JPEGImages/256.jpg;LINEMOD/kotak;271;42;354;213;0
LINEMOD/kotak/JPEGImages/257.jpg;LINEMOD/kotak;276;42;358;212;0
LINEMOD/kotak/JPEGImages/258.jpg;LINEMOD/kotak;279;41;361;212;0
LINEMOD/kotak/JPEGImages/259.jpg;LINEMOD/kotak;283;41;363;211;0
LINEMOD/kotak/JPEGImages/260.jpg;LINEMOD/kotak;283;40;363;210;0
LINEMOD/kotak/JPEGImages/261.jpg;LINEMOD/kotak;286;40;364;210;0
LINEMOD/kotak/JPEGImages/262.jpg;LINEMOD/kotak;288;39;366;209;0
LINEMOD/kotak/JPEGImages/263.jpg;LINEMOD/kotak;290;38;367;208;0
LINEMOD/kotak/JPEGImages/264.jpg;LINEMOD/kotak;290;38;367;207;0
LINEMOD/kotak/JPEGImages/265.jpg;LINEMOD/kotak;290;38;367;206;0
LINEMOD/kotak/JPEGImages/266.jpg;LINEMOD/kotak;291;37;368;205;0
LINEMOD/kotak/JPEGImages/267.jpg;LINEMOD/kotak;294;36;370;204;0
LINEMOD/kotak/JPEGImages/268.jpg;LINEMOD/kotak;297;35;374;203;0
LINEMOD/kotak/JPEGImages/269.jpg;LINEMOD/kotak;298;35;375;203;0
LINEMOD/kotak/JPEGImages/270.jpg;LINEMOD/kotak;299;34;376;202;0
LINEMOD/kotak/JPEGImages/271.jpg;LINEMOD/kotak;302;35;378;202;0
LINEMOD/kotak/JPEGImages/272.jpg;LINEMOD/kotak;305;35;382;202;0
LINEMOD/kotak/JPEGImages/273.jpg;LINEMOD/kotak;308;35;385;201;0
LINEMOD/kotak/JPEGImages/274.jpg;LINEMOD/kotak;310;34;390;200;0
LINEMOD/kotak/JPEGImages/275.jpg;LINEMOD/kotak;310;34;390;199;0
LINEMOD/kotak/JPEGImages/276.jpg;LINEMOD/kotak;308;32;391;199;0
LINEMOD/kotak/JPEGImages/277.jpg;LINEMOD/kotak;307;33;390;199;0
LINEMOD/kotak/JPEGImages/278.jpg;LINEMOD/kotak;307;32;391;198;0
LINEMOD/kotak/JPEGImages/279.jpg;LINEMOD/kotak;309;32;394;198;0
LINEMOD/kotak/JPEGImages/280.jpg;LINEMOD/kotak;312;33;398;198;0
LINEMOD/kotak/JPEGImages/281.jpg;LINEMOD/kotak;316;32;403;199;0
LINEMOD/kotak/JPEGImages/282.jpg;LINEMOD/kotak;318;32;406;199;0
LINEMOD/kotak/JPEGImages/283.jpg;LINEMOD/kotak;319;32;409;199;0
LINEMOD/kotak/JPEGImages/284.jpg;LINEMOD/kotak;322;32;411;199;0
LINEMOD/kotak/JPEGImages/285.jpg;LINEMOD/kotak;324;33;414;200;0
LINEMOD/kotak/JPEGImages/286.jpg;LINEMOD/kotak;325;33;417;200;0
LINEMOD/kotak/JPEGImages/287.jpg;LINEMOD/kotak;326;33;419;200;0
LINEMOD/kotak/JPEGImages/288.jpg;LINEMOD/kotak;328;33;423;200;0
LINEMOD/kotak/JPEGImages/289.jpg;LINEMOD/kotak;330;33;425;201;0
LINEMOD/kotak/JPEGImages/290.jpg;LINEMOD/kotak;333;33;430;201;0
LINEMOD/kotak/JPEGImages/291.jpg;LINEMOD/kotak;337;34;436;201;0
LINEMOD/kotak/JPEGImages/292.jpg;LINEMOD/kotak;339;33;439;201;0
LINEMOD/kotak/JPEGImages/293.jpg;LINEMOD/kotak;342;33;443;201;0
LINEMOD/kotak/JPEGImages/294.jpg;LINEMOD/kotak;343;33;444;201;0
LINEMOD/kotak/JPEGImages/295.jpg;LINEMOD/kotak;342;33;444;201;0
LINEMOD/kotak/JPEGImages/296.jpg;LINEMOD/kotak;341;33;443;201;0
LINEMOD/kotak/JPEGImages/297.jpg;LINEMOD/kotak;340;33;442;201;0
LINEMOD/kotak/JPEGImages/298.jpg;LINEMOD/kotak;339;34;441;202;0
LINEMOD/kotak/JPEGImages/299.jpg;LINEMOD/kotak;338;34;440;202;0
LINEMOD/kotak/JPEGImages/300.jpg;LINEMOD/kotak;338;34;440;202;0
LINEMOD/kotak/JPEGImages/301.jpg;LINEMOD/kotak;338;34;439;202;0
LINEMOD/kotak/JPEGImages/302.jpg;LINEMOD/kotak;338;34;439;202;0
LINEMOD/kotak/JPEGImages/303.jpg;LINEMOD/kotak;338;34;440;202;0
LINEMOD/kotak/JPEGImages/304.jpg;LINEMOD/kotak;338;35;439;202;0
LINEMOD/kotak/JPEGImages/305.jpg;LINEMOD/kotak;338;34;440;202;0
LINEMOD/kotak/JPEGImages/306.jpg;LINEMOD/kotak;338;34;439;202;0
LINEMOD/kotak/JPEGImages/307.jpg;LINEMOD/kotak;338;34;440;202;0
LINEMOD/kotak/JPEGImages/308.jpg;LINEMOD/kotak;338;33;439;202;0
LINEMOD/kotak/JPEGImages/309.jpg;LINEMOD/kotak;338;34;440;202;0
LINEMOD/kotak/JPEGImages/310.jpg;LINEMOD/kotak;338;34;439;201;0
LINEMOD/kotak/JPEGImages/311.jpg;LINEMOD/kotak;337;34;438;202;0
LINEMOD/kotak/JPEGImages/312.jpg;LINEMOD/kotak;335;35;436;202;0
LINEMOD/kotak/JPEGImages/313.jpg;LINEMOD/kotak;333;35;433;202;0
LINEMOD/kotak/JPEGImages/314.jpg;LINEMOD/kotak;331;35;430;203;0
LINEMOD/kotak/JPEGImages/315.jpg;LINEMOD/kotak;328;35;426;203;0
LINEMOD/kotak/JPEGImages/316.jpg;LINEMOD/kotak;327;35;425;203;0
LINEMOD/kotak/JPEGImages/317.jpg;LINEMOD/kotak;325;36;421;204;0
LINEMOD/kotak/JPEGImages/318.jpg;LINEMOD/kotak;322;37;416;205;0
LINEMOD/kotak/JPEGImages/319.jpg;LINEMOD/kotak;321;38;414;205;0
LINEMOD/kotak/JPEGImages/320.jpg;LINEMOD/kotak;321;37;414;205;0
LINEMOD/kotak/JPEGImages/321.jpg;LINEMOD/kotak;322;38;414;206;0
LINEMOD/kotak/JPEGImages/322.jpg;LINEMOD/kotak;320;38;410;206;0
LINEMOD/kotak/JPEGImages/323.jpg;LINEMOD/kotak;318;39;406;206;0
LINEMOD/kotak/JPEGImages/324.jpg;LINEMOD/kotak;317;39;404;207;0
LINEMOD/kotak/JPEGImages/325.jpg;LINEMOD/kotak;316;39;402;207;0
LINEMOD/kotak/JPEGImages/326.jpg;LINEMOD/kotak;314;41;399;207;0
LINEMOD/kotak/JPEGImages/327.jpg;LINEMOD/kotak;312;40;395;208;0
LINEMOD/kotak/JPEGImages/328.jpg;LINEMOD/kotak;312;41;394;208;0
LINEMOD/kotak/JPEGImages/329.jpg;LINEMOD/kotak;310;41;391;208;0
LINEMOD/kotak/JPEGImages/330.jpg;LINEMOD/kotak;310;41;390;209;0
LINEMOD/kotak/JPEGImages/331.jpg;LINEMOD/kotak;309;41;388;208;0
LINEMOD/kotak/JPEGImages/332.jpg;LINEMOD/kotak;306;42;385;209;0
LINEMOD/kotak/JPEGImages/333.jpg;LINEMOD/kotak;304;41;382;209;0
LINEMOD/kotak/JPEGImages/334.jpg;LINEMOD/kotak;253;55;363;206;0
LINEMOD/kotak/JPEGImages/335.jpg;LINEMOD/kotak;253;55;363;206;0
LINEMOD/kotak/JPEGImages/336.jpg;LINEMOD/kotak;253;55;363;206;0
LINEMOD/kotak/JPEGImages/337.jpg;LINEMOD/kotak;253;55;363;206;0
LINEMOD/kotak/JPEGImages/338.jpg;LINEMOD/kotak;253;55;363;206;0
LINEMOD/kotak/JPEGImages/339.jpg;LINEMOD/kotak;254;56;363;206;0
LINEMOD/kotak/JPEGImages/340.jpg;LINEMOD/kotak;253;55;363;206;0
LINEMOD/kotak/JPEGImages/341.jpg;LINEMOD/kotak;253;56;363;206;0
LINEMOD/kotak/JPEGImages/342.jpg;LINEMOD/kotak;252;55;363;206;0
LINEMOD/kotak/JPEGImages/343.jpg;LINEMOD/kotak;251;55;361;207;0
LINEMOD/kotak/JPEGImages/344.jpg;LINEMOD/kotak;247;56;358;208;0
LINEMOD/kotak/JPEGImages/345.jpg;LINEMOD/kotak;242;56;354;209;0
LINEMOD/kotak/JPEGImages/346.jpg;LINEMOD/kotak;239;57;352;211;0
LINEMOD/kotak/JPEGImages/347.jpg;LINEMOD/kotak;237;57;352;212;0
LINEMOD/kotak/JPEGImages/348.jpg;LINEMOD/kotak;236;57;351;212;0
LINEMOD/kotak/JPEGImages/349.jpg;LINEMOD/kotak;234;59;350;213;0
LINEMOD/kotak/JPEGImages/350.jpg;LINEMOD/kotak;232;58;348;214;0
LINEMOD/kotak/JPEGImages/351.jpg;LINEMOD/kotak;230;59;347;216;0
LINEMOD/kotak/JPEGImages/352.jpg;LINEMOD/kotak;225;61;344;217;0
LINEMOD/kotak/JPEGImages/353.jpg;LINEMOD/kotak;222;60;341;218;0
LINEMOD/kotak/JPEGImages/354.jpg;LINEMOD/kotak;217;61;337;220;0
LINEMOD/kotak/JPEGImages/355.jpg;LINEMOD/kotak;215;61;336;221;0
LINEMOD/kotak/JPEGImages/356.jpg;LINEMOD/kotak;211;63;333;222;0
LINEMOD/kotak/JPEGImages/357.jpg;LINEMOD/kotak;208;63;332;224;0
LINEMOD/kotak/JPEGImages/358.jpg;LINEMOD/kotak;209;64;333;225;0
LINEMOD/kotak/JPEGImages/359.jpg;LINEMOD/kotak;210;64;334;225;0
LINEMOD/kotak/JPEGImages/360.jpg;LINEMOD/kotak;209;64;334;226;0
LINEMOD/kotak/JPEGImages/361.jpg;LINEMOD/kotak;208;64;333;227;0
LINEMOD/kotak/JPEGImages/362.jpg;LINEMOD/kotak;206;66;331;228;0
LINEMOD/kotak/JPEGImages/363.jpg;LINEMOD/kotak;203;66;329;229;0
LINEMOD/kotak/JPEGImages/364.jpg;LINEMOD/kotak;200;67;327;231;0
LINEMOD/kotak/JPEGImages/365.jpg;LINEMOD/kotak;199;69;326;232;0
LINEMOD/kotak/JPEGImages/366.jpg;LINEMOD/kotak;198;69;325;233;0
LINEMOD/kotak/JPEGImages/367.jpg;LINEMOD/kotak;197;70;325;235;0
LINEMOD/kotak/JPEGImages/368.jpg;LINEMOD/kotak;197;71;325;237;0
LINEMOD/kotak/JPEGImages/369.jpg;LINEMOD/kotak;197;72;326;238;0
LINEMOD/kotak/JPEGImages/370.jpg;LINEMOD/kotak;196;73;325;240;0
LINEMOD/kotak/JPEGImages/371.jpg;LINEMOD/kotak;197;74;326;241;0
LINEMOD/kotak/JPEGImages/372.jpg;LINEMOD/kotak;198;74;327;242;0
LINEMOD/kotak/JPEGImages/373.jpg;LINEMOD/kotak;203;75;331;243;0
LINEMOD/kotak/JPEGImages/374.jpg;LINEMOD/kotak;206;74;335;243;0
LINEMOD/kotak/JPEGImages/375.jpg;LINEMOD/kotak;207;75;336;245;0
LINEMOD/kotak/JPEGImages/376.jpg;LINEMOD/kotak;205;76;334;246;0
LINEMOD/kotak/JPEGImages/377.jpg;LINEMOD/kotak;203;76;332;247;0
LINEMOD/kotak/JPEGImages/378.jpg;LINEMOD/kotak;199;77;328;249;0
LINEMOD/kotak/JPEGImages/379.jpg;LINEMOD/kotak;196;79;326;251;0
LINEMOD/kotak/JPEGImages/380.jpg;LINEMOD/kotak;194;80;325;252;0
LINEMOD/kotak/JPEGImages/381.jpg;LINEMOD/kotak;192;81;324;253;0
LINEMOD/kotak/JPEGImages/382.jpg;LINEMOD/kotak;191;81;322;255;0
LINEMOD/kotak/JPEGImages/383.jpg;LINEMOD/kotak;190;82;321;255;0
LINEMOD/kotak/JPEGImages/384.jpg;LINEMOD/kotak;190;83;321;256;0
LINEMOD/kotak/JPEGImages/385.jpg;LINEMOD/kotak;188;83;320;257;0
LINEMOD/kotak/JPEGImages/386.jpg;LINEMOD/kotak;188;84;320;257;0
LINEMOD/kotak/JPEGImages/387.jpg;LINEMOD/kotak;188;83;320;257;0
LINEMOD/kotak/JPEGImages/388.jpg;LINEMOD/kotak;188;83;320;257;0
LINEMOD/kotak/JPEGImages/389.jpg;LINEMOD/kotak;188;83;320;257;0
LINEMOD/kotak/JPEGImages/390.jpg;LINEMOD/kotak;188;83;320;257;0
LINEMOD/kotak/JPEGImages/391.jpg;LINEMOD/kotak;188;83;320;257;0
LINEMOD/kotak/JPEGImages/392.jpg;LINEMOD/kotak;188;83;320;257;0
LINEMOD/kotak/JPEGImages/393.jpg;LINEMOD/kotak;188;83;320;257;0
LINEMOD/kotak/JPEGImages/394.jpg;LINEMOD/kotak;188;83;320;257;0
LINEMOD/kotak/JPEGImages/395.jpg;LINEMOD/kotak;188;83;320;257;0
LINEMOD/kotak/JPEGImages/396.jpg;LINEMOD/kotak;188;83;320;257;0
LINEMOD/kotak/JPEGImages/397.jpg;LINEMOD/kotak;188;83;320;257;0
LINEMOD/kotak/JPEGImages/398.jpg;LINEMOD/kotak;189;83;321;256;0
LINEMOD/kotak/JPEGImages/399.jpg;LINEMOD/kotak;191;83;323;256;0
LINEMOD/kotak/JPEGImages/400.jpg;LINEMOD/kotak;192;82;324;256;0
LINEMOD/kotak/JPEGImages/401.jpg;LINEMOD/kotak;196;82;327;255;0
LINEMOD/kotak/JPEGImages/402.jpg;LINEMOD/kotak;199;81;329;254;0
LINEMOD/kotak/JPEGImages/403.jpg;LINEMOD/kotak;201;81;331;253;0
LINEMOD/kotak/JPEGImages/404.jpg;LINEMOD/kotak;202;80;332;251;0
LINEMOD/kotak/JPEGImages/405.jpg;LINEMOD/kotak;204;79;334;250;0
LINEMOD/kotak/JPEGImages/406.jpg;LINEMOD/kotak;205;79;334;249;0
LINEMOD/kotak/JPEGImages/407.jpg;LINEMOD/kotak;205;79;334;248;0
LINEMOD/kotak/JPEGImages/408.jpg;LINEMOD/kotak;207;78;336;247;0
LINEMOD/kotak/JPEGImages/409.jpg;LINEMOD/kotak;209;77;338;245;0
LINEMOD/kotak/JPEGImages/410.jpg;LINEMOD/kotak;211;77;339;244;0
LINEMOD/kotak/JPEGImages/411.jpg;LINEMOD/kotak;215;76;342;242;0
LINEMOD/kotak/JPEGImages/412.jpg;LINEMOD/kotak;218;76;344;242;0
LINEMOD/kotak/JPEGImages/413.jpg;LINEMOD/kotak;223;75;348;240;0
LINEMOD/kotak/JPEGImages/414.jpg;LINEMOD/kotak;228;74;353;239;0
LINEMOD/kotak/JPEGImages/415.jpg;LINEMOD/kotak;232;73;355;237;0
LINEMOD/kotak/JPEGImages/416.jpg;LINEMOD/kotak;235;73;357;236;0
LINEMOD/kotak/JPEGImages/417.jpg;LINEMOD/kotak;236;72;359;235;0
LINEMOD/kotak/JPEGImages/418.jpg;LINEMOD/kotak;239;71;362;234;0
LINEMOD/kotak/JPEGImages/419.jpg;LINEMOD/kotak;243;71;364;233;0
LINEMOD/kotak/JPEGImages/420.jpg;LINEMOD/kotak;246;71;367;232;0
LINEMOD/kotak/JPEGImages/421.jpg;LINEMOD/kotak;245;70;366;230;0
LINEMOD/kotak/JPEGImages/422.jpg;LINEMOD/kotak;244;70;364;229;0
LINEMOD/kotak/JPEGImages/423.jpg;LINEMOD/kotak;243;69;362;228;0
LINEMOD/kotak/JPEGImages/424.jpg;LINEMOD/kotak;245;68;363;227;0
LINEMOD/kotak/JPEGImages/425.jpg;LINEMOD/kotak;248;67;365;225;0
LINEMOD/kotak/JPEGImages/426.jpg;LINEMOD/kotak;250;67;367;223;0
LINEMOD/kotak/JPEGImages/427.jpg;LINEMOD/kotak;250;66;366;222;0
LINEMOD/kotak/JPEGImages/428.jpg;LINEMOD/kotak;249;65;365;220;0
LINEMOD/kotak/JPEGImages/429.jpg;LINEMOD/kotak;249;64;364;219;0
LINEMOD/kotak/JPEGImages/430.jpg;LINEMOD/kotak;250;63;364;218;0
LINEMOD/kotak/JPEGImages/431.jpg;LINEMOD/kotak;252;63;366;217;0
LINEMOD/kotak/JPEGImages/432.jpg;LINEMOD/kotak;257;62;369;215;0
LINEMOD/kotak/JPEGImages/433.jpg;LINEMOD/kotak;259;61;371;214;0
LINEMOD/kotak/JPEGImages/434.jpg;LINEMOD/kotak;263;61;374;213;0
LINEMOD/kotak/JPEGImages/435.jpg;LINEMOD/kotak;265;60;376;211;0
LINEMOD/kotak/JPEGImages/436.jpg;LINEMOD/kotak;267;59;378;211;0
LINEMOD/kotak/JPEGImages/437.jpg;LINEMOD/kotak;271;60;381;210;0
LINEMOD/kotak/JPEGImages/438.jpg;LINEMOD/kotak;273;59;382;210;0
LINEMOD/kotak/JPEGImages/439.jpg;LINEMOD/kotak;280;58;389;208;0
LINEMOD/kotak/JPEGImages/440.jpg;LINEMOD/kotak;285;57;394;208;0
LINEMOD/kotak/JPEGImages/441.jpg;LINEMOD/kotak;288;57;397;207;0
LINEMOD/kotak/JPEGImages/442.jpg;LINEMOD/kotak;289;56;398;207;0
LINEMOD/kotak/JPEGImages/443.jpg;LINEMOD/kotak;291;57;400;208;0
LINEMOD/kotak/JPEGImages/444.jpg;LINEMOD/kotak;297;57;407;208;0
LINEMOD/kotak/JPEGImages/445.jpg;LINEMOD/kotak;304;56;415;209;0
LINEMOD/kotak/JPEGImages/446.jpg;LINEMOD/kotak;307;56;419;209;0
LINEMOD/kotak/JPEGImages/447.jpg;LINEMOD/kotak;310;56;422;210;0
LINEMOD/kotak/JPEGImages/448.jpg;LINEMOD/kotak;310;56;423;210;0
LINEMOD/kotak/JPEGImages/449.jpg;LINEMOD/kotak;310;55;424;211;0
LINEMOD/kotak/JPEGImages/450.jpg;LINEMOD/kotak;312;56;426;211;0
LINEMOD/kotak/JPEGImages/451.jpg;LINEMOD/kotak;312;56;427;212;0
LINEMOD/kotak/JPEGImages/452.jpg;LINEMOD/kotak;312;56;428;213;0
LINEMOD/kotak/JPEGImages/453.jpg;LINEMOD/kotak;312;55;429;213;0
LINEMOD/kotak/JPEGImages/454.jpg;LINEMOD/kotak;313;55;429;213;0
LINEMOD/kotak/JPEGImages/455.jpg;LINEMOD/kotak;315;54;432;213;0
LINEMOD/kotak/JPEGImages/456.jpg;LINEMOD/kotak;318;54;435;213;0
LINEMOD/kotak/JPEGImages/457.jpg;LINEMOD/kotak;319;54;438;213;0
LINEMOD/kotak/JPEGImages/458.jpg;LINEMOD/kotak;321;54;440;214;0
LINEMOD/kotak/JPEGImages/459.jpg;LINEMOD/kotak;322;53;442;213;0
LINEMOD/kotak/JPEGImages/460.jpg;LINEMOD/kotak;323;53;444;214;0
LINEMOD/kotak/JPEGImages/461.jpg;LINEMOD/kotak;323;53;444;215;0
LINEMOD/kotak/JPEGImages/462.jpg;LINEMOD/kotak;321;53;441;215;0
LINEMOD/kotak/JPEGImages/463.jpg;LINEMOD/kotak;320;53;439;215;0
LINEMOD/kotak/JPEGImages/464.jpg;LINEMOD/kotak;318;52;438;215;0
LINEMOD/kotak/JPEGImages/465.jpg;LINEMOD/kotak;316;52;437;216;0
LINEMOD/kotak/JPEGImages/466.jpg;LINEMOD/kotak;315;53;435;215;0
LINEMOD/kotak/JPEGImages/467.jpg;LINEMOD/kotak;313;53;434;216;0
LINEMOD/kotak/JPEGImages/468.jpg;LINEMOD/kotak;312;54;432;216;0
LINEMOD/kotak/JPEGImages/469.jpg;LINEMOD/kotak;312;53;432;216;0
LINEMOD/kotak/JPEGImages/470.jpg;LINEMOD/kotak;312;54;433;217;0
LINEMOD/kotak/JPEGImages/471.jpg;LINEMOD/kotak;312;54;433;216;0
LINEMOD/kotak/JPEGImages/472.jpg;LINEMOD/kotak;312;54;432;216;0
LINEMOD/kotak/JPEGImages/473.jpg;LINEMOD/kotak;312;53;433;217;0
LINEMOD/kotak/JPEGImages/474.jpg;LINEMOD/kotak;312;54;432;216;0
LINEMOD/kotak/JPEGImages/475.jpg;LINEMOD/kotak;312;54;432;216;0
LINEMOD/kotak/JPEGImages/476.jpg;LINEMOD/kotak;312;53;432;217;0
LINEMOD/kotak/JPEGImages/477.jpg;LINEMOD/kotak;311;53;430;216;0
LINEMOD/kotak/JPEGImages/478.jpg;LINEMOD/kotak;307;53;427;216;0
LINEMOD/kotak/JPEGImages/479.jpg;LINEMOD/kotak;300;54;419;216;0
LINEMOD/kotak/JPEGImages/480.jpg;LINEMOD/kotak;296;55;413;216;0
LINEMOD/kotak/JPEGImages/481.jpg;LINEMOD/kotak;286;55;402;217;0
LINEMOD/kotak/JPEGImages/482.jpg;LINEMOD/kotak;274;56;391;216;0
LINEMOD/kotak/JPEGImages/483.jpg;LINEMOD/kotak;267;56;383;215;0
LINEMOD/kotak/JPEGImages/484.jpg;LINEMOD/kotak;263;56;378;215;0
LINEMOD/kotak/JPEGImages/485.jpg;LINEMOD/kotak;261;57;377;215;0
LINEMOD/kotak/JPEGImages/486.jpg;LINEMOD/kotak;260;57;375;214;0
LINEMOD/kotak/JPEGImages/487.jpg;LINEMOD/kotak;261;57;375;214;0
LINEMOD/kotak/JPEGImages/488.jpg;LINEMOD/kotak;260;58;375;214;0
LINEMOD/kotak/JPEGImages/489.jpg;LINEMOD/kotak;259;58;373;214;0
LINEMOD/kotak/JPEGImages/490.jpg;LINEMOD/kotak;259;58;373;214;0
LINEMOD/kotak/JPEGImages/491.jpg;LINEMOD/kotak;260;59;373;214;0
LINEMOD/kotak/JPEGImages/492.jpg;LINEMOD/kotak;260;59;373;213;0
LINEMOD/kotak/JPEGImages/493.jpg;LINEMOD/kotak;261;60;373;214;0
LINEMOD/kotak/JPEGImages/494.jpg;LINEMOD/kotak;261;60;374;214;0
LINEMOD/kotak/JPEGImages/495.jpg;LINEMOD/kotak;261;60;373;214;0
LINEMOD/kotak/JPEGImages/496.jpg;LINEMOD/kotak;264;60;376;214;0
LINEMOD/kotak/JPEGImages/497.jpg;LINEMOD/kotak;267;61;378;214;0
LINEMOD/kotak/JPEGImages/498.jpg;LINEMOD/kotak;268;62;378;214;0
LINEMOD/kotak/JPEGImages/499.jpg;LINEMOD/kotak;268;62;377;214;0
LINEMOD/kotak/JPEGImages/500.jpg;LINEMOD/kotak;295;20;371;186;0
LINEMOD/kotak/JPEGImages/501.jpg;LINEMOD/kotak;295;21;371;186;0
LINEMOD/kotak/JPEGImages/502.jpg;LINEMOD/kotak;295;20;370;186;0
LINEMOD/kotak/JPEGImages/503.jpg;LINEMOD/kotak;295;20;371;186;0
LINEMOD/kotak/JPEGImages/504.jpg;LINEMOD/kotak;295;20;371;186;0
LINEMOD/kotak/JPEGImages/505.jpg;LINEMOD/kotak;295;20;371;186;0
LINEMOD/kotak/JPEGImages/506.jpg;LINEMOD/kotak;295;20;372;186;0
LINEMOD/kotak/JPEGImages/507.jpg;LINEMOD/kotak;295;20;371;186;0
LINEMOD/kotak/JPEGImages/508.jpg;LINEMOD/kotak;291;20;368;186;0
LINEMOD/kotak/JPEGImages/509.jpg;LINEMOD/kotak;288;20;365;186;0
LINEMOD/kotak/JPEGImages/510.jpg;LINEMOD/kotak;281;20;358;186;0
LINEMOD/kotak/JPEGImages/511.jpg;LINEMOD/kotak;275;21;352;187;0
LINEMOD/kotak/JPEGImages/512.jpg;LINEMOD/kotak;271;21;349;187;0
LINEMOD/kotak/JPEGImages/513.jpg;LINEMOD/kotak;270;21;349;188;0
LINEMOD/kotak/JPEGImages/514.jpg;LINEMOD/kotak;267;21;347;188;0
LINEMOD/kotak/JPEGImages/515.jpg;LINEMOD/kotak;264;22;345;188;0
LINEMOD/kotak/JPEGImages/516.jpg;LINEMOD/kotak;260;22;342;189;0
LINEMOD/kotak/JPEGImages/517.jpg;LINEMOD/kotak;256;22;339;190;0
LINEMOD/kotak/JPEGImages/518.jpg;LINEMOD/kotak;255;22;338;190;0
LINEMOD/kotak/JPEGImages/519.jpg;LINEMOD/kotak;252;22;336;190;0
LINEMOD/kotak/JPEGImages/520.jpg;LINEMOD/kotak;249;23;334;191;0
LINEMOD/kotak/JPEGImages/521.jpg;LINEMOD/kotak;246;23;333;191;0
LINEMOD/kotak/JPEGImages/522.jpg;LINEMOD/kotak;244;23;332;192;0
LINEMOD/kotak/JPEGImages/523.jpg;LINEMOD/kotak;242;23;330;192;0
LINEMOD/kotak/JPEGImages/524.jpg;LINEMOD/kotak;237;24;327;193;0
LINEMOD/kotak/JPEGImages/525.jpg;LINEMOD/kotak;234;24;325;194;0
LINEMOD/kotak/JPEGImages/526.jpg;LINEMOD/kotak;230;26;322;195;0
LINEMOD/kotak/JPEGImages/527.jpg;LINEMOD/kotak;225;27;318;196;0
LINEMOD/kotak/JPEGImages/528.jpg;LINEMOD/kotak;221;27;316;197;0
LINEMOD/kotak/JPEGImages/529.jpg;LINEMOD/kotak;214;29;312;199;0
LINEMOD/kotak/JPEGImages/530.jpg;LINEMOD/kotak;210;30;309;200;0
LINEMOD/kotak/JPEGImages/531.jpg;LINEMOD/kotak;207;32;307;202;0
LINEMOD/kotak/JPEGImages/532.jpg;LINEMOD/kotak;201;33;304;204;0
LINEMOD/kotak/JPEGImages/533.jpg;LINEMOD/kotak;199;34;303;205;0
LINEMOD/kotak/JPEGImages/534.jpg;LINEMOD/kotak;196;36;301;206;0
LINEMOD/kotak/JPEGImages/535.jpg;LINEMOD/kotak;194;37;300;207;0
LINEMOD/kotak/JPEGImages/536.jpg;LINEMOD/kotak;194;37;301;208;0
LINEMOD/kotak/JPEGImages/537.jpg;LINEMOD/kotak;193;39;300;209;0
LINEMOD/kotak/JPEGImages/538.jpg;LINEMOD/kotak;191;39;300;210;0
LINEMOD/kotak/JPEGImages/539.jpg;LINEMOD/kotak;191;41;300;211;0
LINEMOD/kotak/JPEGImages/540.jpg;LINEMOD/kotak;186;42;297;213;0
LINEMOD/kotak/JPEGImages/541.jpg;LINEMOD/kotak;181;44;294;214;0
LINEMOD/kotak/JPEGImages/542.jpg;LINEMOD/kotak;178;45;292;216;0
LINEMOD/kotak/JPEGImages/543.jpg;LINEMOD/kotak;168;48;284;219;0
LINEMOD/kotak/JPEGImages/544.jpg;LINEMOD/kotak;158;51;277;223;0
LINEMOD/kotak/JPEGImages/545.jpg;LINEMOD/kotak;155;53;275;224;0
LINEMOD/kotak/JPEGImages/546.jpg;LINEMOD/kotak;158;53;277;224;0
LINEMOD/kotak/JPEGImages/547.jpg;LINEMOD/kotak;161;53;280;223;0
LINEMOD/kotak/JPEGImages/548.jpg;LINEMOD/kotak;162;53;281;224;0
LINEMOD/kotak/JPEGImages/549.jpg;LINEMOD/kotak;161;52;281;223;0
LINEMOD/kotak/JPEGImages/550.jpg;LINEMOD/kotak;161;52;281;223;0
LINEMOD/kotak/JPEGImages/551.jpg;LINEMOD/kotak;161;52;281;224;0
LINEMOD/kotak/JPEGImages/552.jpg;LINEMOD/kotak;161;52;281;223;0
LINEMOD/kotak/JPEGImages/553.jpg;LINEMOD/kotak;161;53;281;223;0
LINEMOD/kotak/JPEGImages/554.jpg;LINEMOD/kotak;161;52;281;223;0
LINEMOD/kotak/JPEGImages/555.jpg;LINEMOD/kotak;161;53;281;223;0
LINEMOD/kotak/JPEGImages/556.jpg;LINEMOD/kotak;166;51;285;222;0
LINEMOD/kotak/JPEGImages/557.jpg;LINEMOD/kotak;174;49;290;220;0
LINEMOD/kotak/JPEGImages/558.jpg;LINEMOD/kotak;183;46;297;217;0
LINEMOD/kotak/JPEGImages/559.jpg;LINEMOD/kotak;188;45;301;215;0
LINEMOD/kotak/JPEGImages/560.jpg;LINEMOD/kotak;197;42;308;213;0
LINEMOD/kotak/JPEGImages/561.jpg;LINEMOD/kotak;202;41;311;211;0
LINEMOD/kotak/JPEGImages/562.jpg;LINEMOD/kotak;206;39;314;210;0
LINEMOD/kotak/JPEGImages/563.jpg;LINEMOD/kotak;210;39;316;209;0
LINEMOD/kotak/JPEGImages/564.jpg;LINEMOD/kotak;213;38;318;208;0
LINEMOD/kotak/JPEGImages/565.jpg;LINEMOD/kotak;220;35;324;206;0
LINEMOD/kotak/JPEGImages/566.jpg;LINEMOD/kotak;228;34;329;204;0
LINEMOD/kotak/JPEGImages/567.jpg;LINEMOD/kotak;234;32;334;203;0
LINEMOD/kotak/JPEGImages/568.jpg;LINEMOD/kotak;240;31;338;201;0
LINEMOD/kotak/JPEGImages/569.jpg;LINEMOD/kotak;244;30;340;200;0
LINEMOD/kotak/JPEGImages/570.jpg;LINEMOD/kotak;248;29;343;199;0
LINEMOD/kotak/JPEGImages/571.jpg;LINEMOD/kotak;255;28;348;197;0
LINEMOD/kotak/JPEGImages/572.jpg;LINEMOD/kotak;259;27;350;196;0
LINEMOD/kotak/JPEGImages/573.jpg;LINEMOD/kotak;264;25;354;194;0
LINEMOD/kotak/JPEGImages/574.jpg;LINEMOD/kotak;267;25;357;193;0
LINEMOD/kotak/JPEGImages/575.jpg;LINEMOD/kotak;273;24;363;192;0
LINEMOD/kotak/JPEGImages/576.jpg;LINEMOD/kotak;281;23;371;192;0
LINEMOD/kotak/JPEGImages/577.jpg;LINEMOD/kotak;289;23;379;192;0
LINEMOD/kotak/JPEGImages/578.jpg;LINEMOD/kotak;292;24;382;192;0
LINEMOD/kotak/JPEGImages/579.jpg;LINEMOD/kotak;296;24;385;191;0
LINEMOD/kotak/JPEGImages/580.jpg;LINEMOD/kotak;298;23;387;190;0
LINEMOD/kotak/JPEGImages/581.jpg;LINEMOD/kotak;299;22;387;189;0
LINEMOD/kotak/JPEGImages/582.jpg;LINEMOD/kotak;299;22;386;189;0
LINEMOD/kotak/JPEGImages/583.jpg;LINEMOD/kotak;299;21;385;188;0
LINEMOD/kotak/JPEGImages/584.jpg;LINEMOD/kotak;299;21;384;188;0
LINEMOD/kotak/JPEGImages/585.jpg;LINEMOD/kotak;299;21;383;187;0
LINEMOD/kotak/JPEGImages/586.jpg;LINEMOD/kotak;299;21;382;187;0
LINEMOD/kotak/JPEGImages/587.jpg;LINEMOD/kotak;299;20;382;187;0
LINEMOD/kotak/JPEGImages/588.jpg;LINEMOD/kotak;300;20;382;186;0
LINEMOD/kotak/JPEGImages/589.jpg;LINEMOD/kotak;302;20;383;186;0
LINEMOD/kotak/JPEGImages/590.jpg;LINEMOD/kotak;304;20;384;185;0
LINEMOD/kotak/JPEGImages/591.jpg;LINEMOD/kotak;306;19;385;185;0
LINEMOD/kotak/JPEGImages/592.jpg;LINEMOD/kotak;306;19;386;185;0
LINEMOD/kotak/JPEGImages/593.jpg;LINEMOD/kotak;309;19;388;184;0
LINEMOD/kotak/JPEGImages/594.jpg;LINEMOD/kotak;312;19;391;185;0
LINEMOD/kotak/JPEGImages/595.jpg;LINEMOD/kotak;315;19;394;185;0
LINEMOD/kotak/JPEGImages/596.jpg;LINEMOD/kotak;318;19;397;184;0
LINEMOD/kotak/JPEGImages/597.jpg;LINEMOD/kotak;319;19;398;185;0
LINEMOD/kotak/JPEGImages/598.jpg;LINEMOD/kotak;320;20;400;185;0
LINEMOD/kotak/JPEGImages/599.jpg;LINEMOD/kotak;320;20;401;185;0
LINEMOD/kotak/JPEGImages/600.jpg;LINEMOD/kotak;319;20;400;185;0
LINEMOD/kotak/JPEGImages/601.jpg;LINEMOD/kotak;318;20;399;185;0
LINEMOD/kotak/JPEGImages/602.jpg;LINEMOD/kotak;317;21;399;186;0
LINEMOD/kotak/JPEGImages/603.jpg;LINEMOD/kotak;316;21;398;186;0
LINEMOD/kotak/JPEGImages/604.jpg;LINEMOD/kotak;314;21;398;186;0
LINEMOD/kotak/JPEGImages/605.jpg;LINEMOD/kotak;311;21;395;186;0
LINEMOD/kotak/JPEGImages/606.jpg;LINEMOD/kotak;309;20;394;185;0
LINEMOD/kotak/JPEGImages/607.jpg;LINEMOD/kotak;305;21;391;186;0
LINEMOD/kotak/JPEGImages/608.jpg;LINEMOD/kotak;304;20;390;185;0
LINEMOD/kotak/JPEGImages/609.jpg;LINEMOD/kotak;305;20;393;185;0
LINEMOD/kotak/JPEGImages/610.jpg;LINEMOD/kotak;312;20;402;185;0
LINEMOD/kotak/JPEGImages/611.jpg;LINEMOD/kotak;322;21;415;186;0
LINEMOD/kotak/JPEGImages/612.jpg;LINEMOD/kotak;331;22;427;187;0
LINEMOD/kotak/JPEGImages/613.jpg;LINEMOD/kotak;335;22;432;187;0
LINEMOD/kotak/JPEGImages/614.jpg;LINEMOD/kotak;336;22;433;187;0
LINEMOD/kotak/JPEGImages/615.jpg;LINEMOD/kotak;334;21;433;187;0
LINEMOD/kotak/JPEGImages/616.jpg;LINEMOD/kotak;333;22;433;187;0
LINEMOD/kotak/JPEGImages/617.jpg;LINEMOD/kotak;333;23;433;188;0
LINEMOD/kotak/JPEGImages/618.jpg;LINEMOD/kotak;332;23;432;189;0
LINEMOD/kotak/JPEGImages/619.jpg;LINEMOD/kotak;331;24;434;189;0
LINEMOD/kotak/JPEGImages/620.jpg;LINEMOD/kotak;329;24;431;189;0
LINEMOD/kotak/JPEGImages/621.jpg;LINEMOD/kotak;328;24;430;190;0
LINEMOD/kotak/JPEGImages/622.jpg;LINEMOD/kotak;326;24;429;190;0
LINEMOD/kotak/JPEGImages/623.jpg;LINEMOD/kotak;327;24;431;190;0
LINEMOD/kotak/JPEGImages/624.jpg;LINEMOD/kotak;331;23;436;189;0
LINEMOD/kotak/JPEGImages/625.jpg;LINEMOD/kotak;334;23;439;189;0
LINEMOD/kotak/JPEGImages/626.jpg;LINEMOD/kotak;334;23;439;189;0
LINEMOD/kotak/JPEGImages/627.jpg;LINEMOD/kotak;334;24;439;189;0
LINEMOD/kotak/JPEGImages/628.jpg;LINEMOD/kotak;334;23;439;189;0
LINEMOD/kotak/JPEGImages/629.jpg;LINEMOD/kotak;334;24;440;189;0
LINEMOD/kotak/JPEGImages/630.jpg;LINEMOD/kotak;334;24;440;189;0
LINEMOD/kotak/JPEGImages/631.jpg;LINEMOD/kotak;334;23;440;189;0
LINEMOD/kotak/JPEGImages/632.jpg;LINEMOD/kotak;334;23;440;189;0
LINEMOD/kotak/JPEGImages/633.jpg;LINEMOD/kotak;334;24;440;189;0
LINEMOD/kotak/JPEGImages/634.jpg;LINEMOD/kotak;333;23;438;189;0
LINEMOD/kotak/JPEGImages/635.jpg;LINEMOD/kotak;331;23;435;188;0
LINEMOD/kotak/JPEGImages/636.jpg;LINEMOD/kotak;330;23;434;189;0
LINEMOD/kotak/JPEGImages/637.jpg;LINEMOD/kotak;325;22;429;188;0
LINEMOD/kotak/JPEGImages/638.jpg;LINEMOD/kotak;319;22;421;186;0
LINEMOD/kotak/JPEGImages/639.jpg;LINEMOD/kotak;312;21;413;186;0
LINEMOD/kotak/JPEGImages/640.jpg;LINEMOD/kotak;306;20;404;185;0
LINEMOD/kotak/JPEGImages/641.jpg;LINEMOD/kotak;301;20;398;185;0
LINEMOD/kotak/JPEGImages/642.jpg;LINEMOD/kotak;298;19;394;184;0
LINEMOD/kotak/JPEGImages/643.jpg;LINEMOD/kotak;294;19;388;184;0
LINEMOD/kotak/JPEGImages/644.jpg;LINEMOD/kotak;291;19;383;184;0
LINEMOD/kotak/JPEGImages/645.jpg;LINEMOD/kotak;288;18;379;183;0
LINEMOD/kotak/JPEGImages/646.jpg;LINEMOD/kotak;286;19;374;183;0
LINEMOD/kotak/JPEGImages/647.jpg;LINEMOD/kotak;283;19;371;183;0
LINEMOD/kotak/JPEGImages/648.jpg;LINEMOD/kotak;283;18;369;183;0
LINEMOD/kotak/JPEGImages/649.jpg;LINEMOD/kotak;283;18;368;182;0
LINEMOD/kotak/JPEGImages/650.jpg;LINEMOD/kotak;281;17;365;181;0
LINEMOD/kotak/JPEGImages/651.jpg;LINEMOD/kotak;280;17;362;181;0
LINEMOD/kotak/JPEGImages/652.jpg;LINEMOD/kotak;278;18;359;182;0
LINEMOD/kotak/JPEGImages/653.jpg;LINEMOD/kotak;278;18;357;182;0
LINEMOD/kotak/JPEGImages/654.jpg;LINEMOD/kotak;278;18;357;182;0
LINEMOD/kotak/JPEGImages/655.jpg;LINEMOD/kotak;277;18;355;181;0
LINEMOD/kotak/JPEGImages/656.jpg;LINEMOD/kotak;274;18;350;182;0
LINEMOD/kotak/JPEGImages/657.jpg;LINEMOD/kotak;270;18;345;182;0
LINEMOD/kotak/JPEGImages/658.jpg;LINEMOD/kotak;268;18;343;183;0
LINEMOD/kotak/JPEGImages/659.jpg;LINEMOD/kotak;266;19;341;183;0
LINEMOD/kotak/JPEGImages/660.jpg;LINEMOD/kotak;264;19;338;183;0
LINEMOD/kotak/JPEGImages/661.jpg;LINEMOD/kotak;265;18;339;183;0
LINEMOD/kotak/JPEGImages/662.jpg;LINEMOD/kotak;265;18;339;182;0
LINEMOD/kotak/JPEGImages/663.jpg;LINEMOD/kotak;263;18;337;183;0
LINEMOD/kotak/JPEGImages/664.jpg;LINEMOD/kotak;261;19;335;183;0
LINEMOD/kotak/JPEGImages/665.jpg;LINEMOD/kotak;260;18;334;183;0
LINEMOD/kotak/JPEGImages/666.jpg;LINEMOD/kotak;261;18;335;183;0
LINEMOD/rubik/JPEGImages/0.jpg;LINEMOD/rubik;274;89;383;214;0
LINEMOD/rubik/JPEGImages/1.jpg;LINEMOD/rubik;274;89;383;214;0
LINEMOD/rubik/JPEGImages/2.jpg;LINEMOD/rubik;273;89;383;214;0
LINEMOD/rubik/JPEGImages/3.jpg;LINEMOD/rubik;273;90;382;215;0
LINEMOD/rubik/JPEGImages/4.jpg;LINEMOD/rubik;274;89;383;214;0
LINEMOD/rubik/JPEGImages/5.jpg;LINEMOD/rubik;274;89;383;215;0
LINEMOD/rubik/JPEGImages/6.jpg;LINEMOD/rubik;273;90;383;215;0
LINEMOD/rubik/JPEGImages/7.jpg;LINEMOD/rubik;274;90;383;215;0
LINEMOD/rubik/JPEGImages/8.jpg;LINEMOD/rubik;273;90;383;215;0
LINEMOD/rubik/JPEGImages/9.jpg;LINEMOD/rubik;274;90;383;215;0
LINEMOD/rubik/JPEGImages/10.jpg;LINEMOD/rubik;273;90;383;215;0
LINEMOD/rubik/JPEGImages/11.jpg;LINEMOD/rubik;274;90;382;215;0
LINEMOD/rubik/JPEGImages/12.jpg;LINEMOD/rubik;274;90;382;215;0
LINEMOD/rubik/JPEGImages/13.jpg;LINEMOD/rubik;273;90;382;215;0
LINEMOD/rubik/JPEGImages/14.jpg;LINEMOD/rubik;273;90;383;214;0
LINEMOD/rubik/JPEGImages/15.jpg;LINEMOD/rubik;273;90;382;215;0
LINEMOD/rubik/JPEGImages/16.jpg;LINEMOD/rubik;272;90;381;215;0
LINEMOD/rubik/JPEGImages/17.jpg;LINEMOD/rubik;271;90;380;215;0
LINEMOD/rubik/JPEGImages/18.jpg;LINEMOD/rubik;270;89;379;215;0
LINEMOD/rubik/JPEGImages/19.jpg;LINEMOD/rubik;265;90;374;215;0
LINEMOD/rubik/JPEGImages/20.jpg;LINEMOD/rubik;261;89;371;216;0
LINEMOD/rubik/JPEGImages/21.jpg;LINEMOD/rubik;260;89;371;217;0
LINEMOD/rubik/JPEGImages/22.jpg;LINEMOD/rubik;262;90;374;218;0
LINEMOD/rubik/JPEGImages/23.jpg;LINEMOD/rubik;263;91;377;220;0
LINEMOD/rubik/JPEGImages/24.jpg;LINEMOD/rubik;264;91;378;221;0
LINEMOD/rubik/JPEGImages/25.jpg;LINEMOD/rubik;266;92;380;222;0
LINEMOD/rubik/JPEGImages/26.jpg;LINEMOD/rubik;267;93;383;223;0
LINEMOD/rubik/JPEGImages/27.jpg;LINEMOD/rubik;268;94;384;226;0
LINEMOD/rubik/JPEGImages/28.jpg;LINEMOD/rubik;268;95;385;228;0
LINEMOD/rubik/JPEGImages/29.jpg;LINEMOD/rubik;272;96;391;229;0
LINEMOD/rubik/JPEGImages/30.jpg;LINEMOD/rubik;274;96;392;231;0
LINEMOD/rubik/JPEGImages/31.jpg;LINEMOD/rubik;273;97;394;232;0
LINEMOD/rubik/JPEGImages/32.jpg;LINEMOD/rubik;274;99;395;234;0
LINEMOD/rubik/JPEGImages/33.jpg;LINEMOD/rubik;275;100;397;236;0
LINEMOD/rubik/JPEGImages/34.jpg;LINEMOD/rubik;275;101;398;239;0
LINEMOD/rubik/JPEGImages/35.jpg;LINEMOD/rubik;275;101;399;239;0
LINEMOD/rubik/JPEGImages/36.jpg;LINEMOD/rubik;276;101;400;240;0
LINEMOD/rubik/JPEGImages/37.jpg;LINEMOD/rubik;277;102;401;241;0
LINEMOD/rubik/JPEGImages/38.jpg;LINEMOD/rubik;281;102;406;243;0
LINEMOD/rubik/JPEGImages/39.jpg;LINEMOD/rubik;285;103;411;244;0
LINEMOD/rubik/JPEGImages/40.jpg;LINEMOD/rubik;287;103;414;245;0
LINEMOD/rubik/JPEGImages/41.jpg;LINEMOD/rubik;291;103;418;245;0
LINEMOD/rubik/JPEGImages/42.jpg;LINEMOD/rubik;294;103;422;246;0
LINEMOD/rubik/JPEGImages/43.jpg;LINEMOD/rubik;294;104;422;247;0
LINEMOD/rubik/JPEGImages/44.jpg;LINEMOD/rubik;294;105;422;248;0
LINEMOD/rubik/JPEGImages/45.jpg;LINEMOD/rubik;294;105;422;248;0
LINEMOD/rubik/JPEGImages/46.jpg;LINEMOD/rubik;294;105;423;248;0
LINEMOD/rubik/JPEGImages/47.jpg;LINEMOD/rubik;294;105;422;249;0
LINEMOD/rubik/JPEGImages/48.jpg;LINEMOD/rubik;293;106;423;249;0
LINEMOD/rubik/JPEGImages/49.jpg;LINEMOD/rubik;293;106;422;250;0
LINEMOD/rubik/JPEGImages/50.jpg;LINEMOD/rubik;293;106;422;249;0
LINEMOD/rubik/JPEGImages/51.jpg;LINEMOD/rubik;294;105;422;249;0
LINEMOD/rubik/JPEGImages/52.jpg;LINEMOD/rubik;293;106;422;249;0
LINEMOD/rubik/JPEGImages/53.jpg;LINEMOD/rubik;293;105;422;249;0
LINEMOD/rubik/JPEGImages/54.jpg;LINEMOD/rubik;293;106;422;249;0
LINEMOD/rubik/JPEGImages/55.jpg;LINEMOD/rubik;294;106;423;249;0
LINEMOD/rubik/JPEGImages/56.jpg;LINEMOD/rubik;293;105;423;249;0
LINEMOD/rubik/JPEGImages/57.jpg;LINEMOD/rubik;294;105;423;249;0
LINEMOD/rubik/JPEGImages/58.jpg;LINEMOD/rubik;294;106;422;249;0
LINEMOD/rubik/JPEGImages/59.jpg;LINEMOD/rubik;293;105;422;248;0
LINEMOD/rubik/JPEGImages/60.jpg;LINEMOD/rubik;294;105;423;249;0
LINEMOD/rubik/JPEGImages/61.jpg;LINEMOD/rubik;294;106;422;249;0
LINEMOD/rubik/JPEGImages/62.jpg;LINEMOD/rubik;294;105;423;248;0
LINEMOD/rubik/JPEGImages/63.jpg;LINEMOD/rubik;295;105;422;248;0
LINEMOD/rubik/JPEGImages/64.jpg;LINEMOD/rubik;294;106;422;248;0
LINEMOD/rubik/JPEGImages/65.jpg;LINEMOD/rubik;292;106;419;248;0
LINEMOD/rubik/JPEGImages/66.jpg;LINEMOD/rubik;291;105;418;247;0
LINEMOD/rubik/JPEGImages/67.jpg;LINEMOD/rubik;291;106;417;247;0
LINEMOD/rubik/JPEGImages/68.jpg;LINEMOD/rubik;293;105;419;246;0
LINEMOD/rubik/JPEGImages/69.jpg;LINEMOD/rubik;294;106;419;246;0
LINEMOD/rubik/JPEGImages/70.jpg;LINEMOD/rubik;296;106;420;245;0
LINEMOD/rubik/JPEGImages/71.jpg;LINEMOD/rubik;297;106;421;244;0
LINEMOD/rubik/JPEGImages/72.jpg;LINEMOD/rubik;297;106;420;244;0
LINEMOD/rubik/JPEGImages/73.jpg;LINEMOD/rubik;296;107;419;244;0
LINEMOD/rubik/JPEGImages/74.jpg;LINEMOD/rubik;295;107;418;243;0
LINEMOD/rubik/JPEGImages/75.jpg;LINEMOD/rubik;296;108;418;243;0
LINEMOD/rubik/JPEGImages/76.jpg;LINEMOD/rubik;297;108;418;243;0
LINEMOD/rubik/JPEGImages/77.jpg;LINEMOD/rubik;297;108;418;243;0
LINEMOD/rubik/JPEGImages/78.jpg;LINEMOD/rubik;294;108;414;243;0
LINEMOD/rubik/JPEGImages/79.jpg;LINEMOD/rubik;289;108;409;242;0
LINEMOD/rubik/JPEGImages/80.jpg;LINEMOD/rubik;286;108;405;241;0
LINEMOD/rubik/JPEGImages/81.jpg;LINEMOD/rubik;285;108;403;241;0
LINEMOD/rubik/JPEGImages/82.jpg;LINEMOD/rubik;285;108;402;240;0
LINEMOD/rubik/JPEGImages/83.jpg;LINEMOD/rubik;286;108;402;240;0
LINEMOD/rubik/JPEGImages/84.jpg;LINEMOD/rubik;286;108;402;239;0
LINEMOD/rubik/JPEGImages/85.jpg;LINEMOD/rubik;284;108;400;239;0
LINEMOD/rubik/JPEGImages/86.jpg;LINEMOD/rubik;283;108;398;238;0
LINEMOD/rubik/JPEGImages/87.jpg;LINEMOD/rubik;282;108;396;237;0
LINEMOD/rubik/JPEGImages/88.jpg;LINEMOD/rubik;281;107;394;236;0
LINEMOD/rubik/JPEGImages/89.jpg;LINEMOD/rubik;280;107;393;235;0
LINEMOD/rubik/JPEGImages/90.jpg;LINEMOD/rubik;278;107;391;234;0
LINEMOD/rubik/JPEGImages/91.jpg;LINEMOD/rubik;278;105;390;233;0
LINEMOD/rubik/JPEGImages/92.jpg;LINEMOD/rubik;278;104;389;232;0
LINEMOD/rubik/JPEGImages/93.jpg;LINEMOD/rubik;277;103;388;231;0
LINEMOD/rubik/JPEGImages/94.jpg;LINEMOD/rubik;276;102;387;231;0
LINEMOD/rubik/JPEGImages/95.jpg;LINEMOD/rubik;273;102;384;231;0
LINEMOD/rubik/JPEGImages/96.jpg;LINEMOD/rubik;272;100;382;230;0
LINEMOD/rubik/JPEGImages/97.jpg;LINEMOD/rubik;270;98;382;229;0
LINEMOD/rubik/JPEGImages/98.jpg;LINEMOD/rubik;270;97;382;228;0
LINEMOD/rubik/JPEGImages/99.jpg;LINEMOD/rubik;269;96;383;228;0
LINEMOD/rubik/JPEGImages/100.jpg;LINEMOD/rubik;269;95;382;227;0
LINEMOD/rubik/JPEGImages/101.jpg;LINEMOD/rubik;268;94;381;227;0
LINEMOD/rubik/JPEGImages/102.jpg;LINEMOD/rubik;263;92;377;225;0
LINEMOD/rubik/JPEGImages/103.jpg;LINEMOD/rubik;261;90;375;224;0
LINEMOD/rubik/JPEGImages/104.jpg;LINEMOD/rubik;261;90;375;223;0
LINEMOD/rubik/JPEGImages/105.jpg;LINEMOD/rubik;262;88;377;221;0
LINEMOD/rubik/JPEGImages/106.jpg;LINEMOD/rubik;265;86;380;220;0
LINEMOD/rubik/JPEGImages/107.jpg;LINEMOD/rubik;267;84;382;219;0
LINEMOD/rubik/JPEGImages/108.jpg;LINEMOD/rubik;267;83;382;218;0
LINEMOD/rubik/JPEGImages/109.jpg;LINEMOD/rubik;267;83;382;218;0
LINEMOD/rubik/JPEGImages/110.jpg;LINEMOD/rubik;267;82;384;217;0
LINEMOD/rubik/JPEGImages/111.jpg;LINEMOD/rubik;268;82;384;216;0
LINEMOD/rubik/JPEGImages/112.jpg;LINEMOD/rubik;268;81;384;216;0
LINEMOD/rubik/JPEGImages/113.jpg;LINEMOD/rubik;268;81;384;216;0
LINEMOD/rubik/JPEGImages/114.jpg;LINEMOD/rubik;268;80;384;216;0
LINEMOD/rubik/JPEGImages/115.jpg;LINEMOD/rubik;268;81;384;216;0
LINEMOD/rubik/JPEGImages/116.jpg;LINEMOD/rubik;268;81;384;216;0
LINEMOD/rubik/JPEGImages/117.jpg;LINEMOD/rubik;268;80;383;216;0
LINEMOD/rubik/JPEGImages/118.jpg;LINEMOD/rubik;268;80;383;216;0
LINEMOD/rubik/JPEGImages/119.jpg;LINEMOD/rubik;268;81;384;216;0
LINEMOD/rubik/JPEGImages/120.jpg;LINEMOD/rubik;268;80;384;215;0
LINEMOD/rubik/JPEGImages/121.jpg;LINEMOD/rubik;268;80;384;216;0
LINEMOD/rubik/JPEGImages/122.jpg;LINEMOD/rubik;268;80;385;216;0
LINEMOD/rubik/JPEGImages/123.jpg;LINEMOD/rubik;268;81;384;215;0
LINEMOD/rubik/JPEGImages/124.jpg;LINEMOD/rubik;268;80;384;216;0
LINEMOD/rubik/JPEGImages/125.jpg;LINEMOD/rubik;268;80;384;215;0
LINEMOD/rubik/JPEGImages/126.jpg;LINEMOD/rubik;268;82;384;216;0
LINEMOD/rubik/JPEGImages/127.jpg;LINEMOD/rubik;268;80;384;216;0
LINEMOD/rubik/JPEGImages/128.jpg;LINEMOD/rubik;268;80;384;216;0
LINEMOD/rubik/JPEGImages/129.jpg;LINEMOD/rubik;269;80;385;216;0
LINEMOD/rubik/JPEGImages/130.jpg;LINEMOD/rubik;275;79;391;215;0
LINEMOD/rubik/JPEGImages/131.jpg;LINEMOD/rubik;277;78;393;213;0
LINEMOD/rubik/JPEGImages/132.jpg;LINEMOD/rubik;280;77;396;213;0
LINEMOD/rubik/JPEGImages/133.jpg;LINEMOD/rubik;285;75;402;212;0
LINEMOD/rubik/JPEGImages/134.jpg;LINEMOD/rubik;288;74;405;211;0
LINEMOD/rubik/JPEGImages/135.jpg;LINEMOD/rubik;294;72;411;208;0
LINEMOD/rubik/JPEGImages/136.jpg;LINEMOD/rubik;299;70;416;207;0
LINEMOD/rubik/JPEGImages/137.jpg;LINEMOD/rubik;303;69;420;206;0
LINEMOD/rubik/JPEGImages/138.jpg;LINEMOD/rubik;304;68;422;204;0
LINEMOD/rubik/JPEGImages/139.jpg;LINEMOD/rubik;305;67;423;203;0
LINEMOD/rubik/JPEGImages/140.jpg;LINEMOD/rubik;305;67;423;203;0
LINEMOD/rubik/JPEGImages/141.jpg;LINEMOD/rubik;305;67;423;203;0
LINEMOD/rubik/JPEGImages/142.jpg;LINEMOD/rubik;305;67;423;203;0
LINEMOD/rubik/JPEGImages/143.jpg;LINEMOD/rubik;305;67;422;203;0
LINEMOD/rubik/JPEGImages/144.jpg;LINEMOD/rubik;302;67;420;203;0
LINEMOD/rubik/JPEGImages/145.jpg;LINEMOD/rubik;299;67;417;202;0
LINEMOD/rubik/JPEGImages/146.jpg;LINEMOD/rubik;294;68;411;203;0
LINEMOD/rubik/JPEGImages/147.jpg;LINEMOD/rubik;287;71;404;206;0
LINEMOD/rubik/JPEGImages/148.jpg;LINEMOD/rubik;279;75;395;210;0
LINEMOD/rubik/JPEGImages/149.jpg;LINEMOD/rubik;269;77;385;212;0
LINEMOD/rubik/JPEGImages/150.jpg;LINEMOD/rubik;265;79;380;214;0
LINEMOD/rubik/JPEGImages/151.jpg;LINEMOD/rubik;259;81;375;216;0
LINEMOD/rubik/JPEGImages/152.jpg;LINEMOD/rubik;258;83;372;217;0
LINEMOD/rubik/JPEGImages/153.jpg;LINEMOD/rubik;257;84;372;218;0
LINEMOD/rubik/JPEGImages/154.jpg;LINEMOD/rubik;256;85;371;218;0
LINEMOD/rubik/JPEGImages/155.jpg;LINEMOD/rubik;256;86;369;218;0
LINEMOD/rubik/JPEGImages/156.jpg;LINEMOD/rubik;254;87;367;219;0
LINEMOD/rubik/JPEGImages/157.jpg;LINEMOD/rubik;254;88;367;220;0
LINEMOD/rubik/JPEGImages/158.jpg;LINEMOD/rubik;255;89;367;220;0
LINEMOD/rubik/JPEGImages/159.jpg;LINEMOD/rubik;254;91;366;221;0
LINEMOD/rubik/JPEGImages/160.jpg;LINEMOD/rubik;253;91;366;222;0
LINEMOD/rubik/JPEGImages/161.jpg;LINEMOD/rubik;256;92;368;222;0
LINEMOD/rubik/JPEGImages/162.jpg;LINEMOD/rubik;259;92;371;223;0
LINEMOD/rubik/JPEGImages/163.jpg;LINEMOD/rubik;262;93;373;223;0
LINEMOD/rubik/JPEGImages/164.jpg;LINEMOD/rubik;263;93;374;223;0
LINEMOD/rubik/JPEGImages/165.jpg;LINEMOD/rubik;256;94;368;224;0
LINEMOD/rubik/JPEGImages/166.jpg;LINEMOD/rubik;254;95;365;225;0
LINEMOD/rubik/JPEGImages/167.jpg;LINEMOD/rubik;279;77;380;205;0
LINEMOD/rubik/JPEGImages/168.jpg;LINEMOD/rubik;279;77;380;204;0
LINEMOD/rubik/JPEGImages/169.jpg;LINEMOD/rubik;279;77;380;204;0
LINEMOD/rubik/JPEGImages/170.jpg;LINEMOD/rubik;279;78;380;205;0
LINEMOD/rubik/JPEGImages/171.jpg;LINEMOD/rubik;279;78;380;205;0
LINEMOD/rubik/JPEGImages/172.jpg;LINEMOD/rubik;279;77;380;204;0
LINEMOD/rubik/JPEGImages/173.jpg;LINEMOD/rubik;280;78;380;204;0
LINEMOD/rubik/JPEGImages/174.jpg;LINEMOD/rubik;279;78;380;204;0
LINEMOD/rubik/JPEGImages/175.jpg;LINEMOD/rubik;279;78;380;204;0
LINEMOD/rubik/JPEGImages/176.jpg;LINEMOD/rubik;279;78;380;204;0
LINEMOD/rubik/JPEGImages/177.jpg;LINEMOD/rubik;279;77;380;204;0
LINEMOD/rubik/JPEGImages/178.jpg;LINEMOD/rubik;279;77;379;203;0
LINEMOD/rubik/JPEGImages/179.jpg;LINEMOD/rubik;279;77;379;203;0
LINEMOD/rubik/JPEGImages/180.jpg;LINEMOD/rubik;280;77;380;202;0
LINEMOD/rubik/JPEGImages/181.jpg;LINEMOD/rubik;283;75;383;201;0
LINEMOD/rubik/JPEGImages/182.jpg;LINEMOD/rubik;285;75;385;201;0
LINEMOD/rubik/JPEGImages/183.jpg;LINEMOD/rubik;284;75;385;201;0
LINEMOD/rubik/JPEGImages/184.jpg;LINEMOD/rubik;282;75;383;201;0
LINEMOD/rubik/JPEGImages/185.jpg;LINEMOD/rubik;279;76;381;202;0
LINEMOD/rubik/JPEGImages/186.jpg;LINEMOD/rubik;275;75;378;203;0
LINEMOD/rubik/JPEGImages/187.jpg;LINEMOD/rubik;275;76;378;204;0
LINEMOD/rubik/JPEGImages/188.jpg;LINEMOD/rubik;272;75;376;205;0
LINEMOD/rubik/JPEGImages/189.jpg;LINEMOD/rubik;270;76;376;205;0
LINEMOD/rubik/JPEGImages/190.jpg;LINEMOD/rubik;268;75;375;205;0
LINEMOD/rubik/JPEGImages/191.jpg;LINEMOD/rubik;270;74;378;205;0
LINEMOD/rubik/JPEGImages/192.jpg;LINEMOD/rubik;272;74;380;205;0
LINEMOD/rubik/JPEGImages/193.jpg;LINEMOD/rubik;274;73;382;204;0
LINEMOD/rubik/JPEGImages/194.jpg;LINEMOD/rubik;273;73;381;205;0
LINEMOD/rubik/JPEGImages/195.jpg;LINEMOD/rubik;271;73;381;205;0
LINEMOD/rubik/JPEGImages/196.jpg;LINEMOD/rubik;268;73;379;206;0
LINEMOD/rubik/JPEGImages/197.jpg;LINEMOD/rubik;267;73;379;206;0
LINEMOD/rubik/JPEGImages/198.jpg;LINEMOD/rubik;267;73;379;206;0
LINEMOD/rubik/JPEGImages/199.jpg;LINEMOD/rubik;269;72;383;206;0
LINEMOD/rubik/JPEGImages/200.jpg;LINEMOD/rubik;272;72;385;206;0
LINEMOD/rubik/JPEGImages/201.jpg;LINEMOD/rubik;270;72;385;207;0
LINEMOD/rubik/JPEGImages/202.jpg;LINEMOD/rubik;266;72;382;207;0
LINEMOD/rubik/JPEGImages/203.jpg;LINEMOD/rubik;266;72;381;208;0
LINEMOD/rubik/JPEGImages/204.jpg;LINEMOD/rubik;267;72;383;208;0
LINEMOD/rubik/JPEGImages/205.jpg;LINEMOD/rubik;271;72;388;208;0
LINEMOD/rubik/JPEGImages/206.jpg;LINEMOD/rubik;278;71;395;207;0
LINEMOD/rubik/JPEGImages/207.jpg;LINEMOD/rubik;283;71;401;208;0
LINEMOD/rubik/JPEGImages/208.jpg;LINEMOD/rubik;286;71;403;208;0
LINEMOD/rubik/JPEGImages/209.jpg;LINEMOD/rubik;292;71;410;208;0
LINEMOD/rubik/JPEGImages/210.jpg;LINEMOD/rubik;298;71;417;209;0
LINEMOD/rubik/JPEGImages/211.jpg;LINEMOD/rubik;299;71;419;208;0
LINEMOD/rubik/JPEGImages/212.jpg;LINEMOD/rubik;299;71;419;208;0
LINEMOD/rubik/JPEGImages/213.jpg;LINEMOD/rubik;300;71;420;208;0
LINEMOD/rubik/JPEGImages/214.jpg;LINEMOD/rubik;300;71;420;208;0
LINEMOD/rubik/JPEGImages/215.jpg;LINEMOD/rubik;300;71;420;208;0
LINEMOD/rubik/JPEGImages/216.jpg;LINEMOD/rubik;300;71;420;208;0
LINEMOD/rubik/JPEGImages/217.jpg;LINEMOD/rubik;300;71;420;208;0
LINEMOD/rubik/JPEGImages/218.jpg;LINEMOD/rubik;300;71;419;208;0
LINEMOD/rubik/JPEGImages/219.jpg;LINEMOD/rubik;299;72;420;208;0
LINEMOD/rubik/JPEGImages/220.jpg;LINEMOD/rubik;300;71;420;208;0
LINEMOD/rubik/JPEGImages/221.jpg;LINEMOD/rubik;300;71;420;208;0
LINEMOD/rubik/JPEGImages/222.jpg;LINEMOD/rubik;302;71;422;207;0
LINEMOD/rubik/JPEGImages/223.jpg;LINEMOD/rubik;304;71;423;207;0
LINEMOD/rubik/JPEGImages/224.jpg;LINEMOD/rubik;307;71;427;207;0
LINEMOD/rubik/JPEGImages/225.jpg;LINEMOD/rubik;308;71;427;207;0
LINEMOD/rubik/JPEGImages/226.jpg;LINEMOD/rubik;305;71;424;208;0
LINEMOD/rubik/JPEGImages/227.jpg;LINEMOD/rubik;303;72;422;207;0
LINEMOD/rubik/JPEGImages/228.jpg;LINEMOD/rubik;302;72;420;208;0
LINEMOD/rubik/JPEGImages/229.jpg;LINEMOD/rubik;299;73;416;208;0
LINEMOD/rubik/JPEGImages/230.jpg;LINEMOD/rubik;296;74;412;209;0
LINEMOD/rubik/JPEGImages/231.jpg;LINEMOD/rubik;294;75;409;209;0
LINEMOD/rubik/JPEGImages/232.jpg;LINEMOD/rubik;293;76;408;211;0
LINEMOD/rubik/JPEGImages/233.jpg;LINEMOD/rubik;293;77;407;211;0
LINEMOD/rubik/JPEGImages/234.jpg;LINEMOD/rubik;294;78;408;212;0
LINEMOD/rubik/JPEGImages/235.jpg;LINEMOD/rubik;294;79;407;211;0
LINEMOD/rubik/JPEGImages/236.jpg;LINEMOD/rubik;295;79;407;212;0
LINEMOD/rubik/JPEGImages/237.jpg;LINEMOD/rubik;296;79;407;212;0
LINEMOD/rubik/JPEGImages/238.jpg;LINEMOD/rubik;299;79;409;212;0
LINEMOD/rubik/JPEGImages/239.jpg;LINEMOD/rubik;302;79;411;211;0
LINEMOD/rubik/JPEGImages/240.jpg;LINEMOD/rubik;304;80;412;210;0
LINEMOD/rubik/JPEGImages/241.jpg;LINEMOD/rubik;303;80;410;210;0
LINEMOD/rubik/JPEGImages/242.jpg;LINEMOD/rubik;304;80;410;209;0
LINEMOD/rubik/JPEGImages/243.jpg;LINEMOD/rubik;303;80;409;208;0
LINEMOD/rubik/JPEGImages/244.jpg;LINEMOD/rubik;300;79;405;208;0
LINEMOD/rubik/JPEGImages/245.jpg;LINEMOD/rubik;296;79;401;207;0
LINEMOD/rubik/JPEGImages/246.jpg;LINEMOD/rubik;295;78;400;207;0
LINEMOD/rubik/JPEGImages/247.jpg;LINEMOD/rubik;294;78;398;206;0
LINEMOD/rubik/JPEGImages/248.jpg;LINEMOD/rubik;294;78;396;205;0
LINEMOD/rubik/JPEGImages/249.jpg;LINEMOD/rubik;292;78;394;205;0
LINEMOD/rubik/JPEGImages/250.jpg;LINEMOD/rubik;291;78;392;204;0
LINEMOD/rubik/JPEGImages/251.jpg;LINEMOD/rubik;287;78;388;204;0
LINEMOD/rubik/JPEGImages/252.jpg;LINEMOD/rubik;283;77;384;204;0
LINEMOD/rubik/JPEGImages/253.jpg;LINEMOD/rubik;280;77;381;203;0
LINEMOD/rubik/JPEGImages/254.jpg;LINEMOD/rubik;278;76;378;202;0
LINEMOD/rubik/JPEGImages/255.jpg;LINEMOD/rubik;276;75;378;202;0
LINEMOD/rubik/JPEGImages/256.jpg;LINEMOD/rubik;274;73;377;201;0
LINEMOD/rubik/JPEGImages/257.jpg;LINEMOD/rubik;272;73;376;201;0
LINEMOD/rubik/JPEGImages/258.jpg;LINEMOD/rubik;268;71;373;200;0
LINEMOD/rubik/JPEGImages/259.jpg;LINEMOD/rubik;262;71;369;199;0
LINEMOD/rubik/JPEGImages/260.jpg;LINEMOD/rubik;259;69;367;197;0
LINEMOD/rubik/JPEGImages/261.jpg;LINEMOD/rubik;257;68;366;197;0
LINEMOD/rubik/JPEGImages/262.jpg;LINEMOD/rubik;257;66;366;195;0
LINEMOD/rubik/JPEGImages/263.jpg;LINEMOD/rubik;258;63;367;192;0
LINEMOD/rubik/JPEGImages/264.jpg;LINEMOD/rubik;257;62;368;192;0
LINEMOD/rubik/JPEGImages/265.jpg;LINEMOD/rubik;258;62;369;191;0
LINEMOD/rubik/JPEGImages/266.jpg;LINEMOD/rubik;259;61;371;191;0
LINEMOD/rubik/JPEGImages/267.jpg;LINEMOD/rubik;259;61;371;191;0
LINEMOD/rubik/JPEGImages/268.jpg;LINEMOD/rubik;259;60;371;190;0
LINEMOD/rubik/JPEGImages/269.jpg;LINEMOD/rubik;257;60;370;190;0
LINEMOD/rubik/JPEGImages/270.jpg;LINEMOD/rubik;255;59;369;189;0
LINEMOD/rubik/JPEGImages/271.jpg;LINEMOD/rubik;254;59;367;188;0
LINEMOD/rubik/JPEGImages/272.jpg;LINEMOD/rubik;251;58;365;188;0
LINEMOD/rubik/JPEGImages/273.jpg;LINEMOD/rubik;252;57;366;187;0
LINEMOD/rubik/JPEGImages/274.jpg;LINEMOD/rubik;252;57;367;187;0
LINEMOD/rubik/JPEGImages/275.jpg;LINEMOD/rubik;253;56;368;187;0
LINEMOD/rubik/JPEGImages/276.jpg;LINEMOD/rubik;255;56;370;186;0
LINEMOD/rubik/JPEGImages/277.jpg;LINEMOD/rubik;255;56;371;186;0
LINEMOD/rubik/JPEGImages/278.jpg;LINEMOD/rubik;256;56;372;186;0
LINEMOD/rubik/JPEGImages/279.jpg;LINEMOD/rubik;256;56;372;186;0
LINEMOD/rubik/JPEGImages/280.jpg;LINEMOD/rubik;256;56;373;186;0
LINEMOD/rubik/JPEGImages/281.jpg;LINEMOD/rubik;256;55;372;186;0
LINEMOD/rubik/JPEGImages/282.jpg;LINEMOD/rubik;256;55;372;186;0
LINEMOD/rubik/JPEGImages/283.jpg;LINEMOD/rubik;255;55;371;186;0
LINEMOD/rubik/JPEGImages/284.jpg;LINEMOD/rubik;253;55;370;185;0
LINEMOD/rubik/JPEGImages/285.jpg;LINEMOD/rubik;251;55;368;185;0
LINEMOD/rubik/JPEGImages/286.jpg;LINEMOD/rubik;250;54;366;185;0
LINEMOD/rubik/JPEGImages/287.jpg;LINEMOD/rubik;250;54;366;185;0
LINEMOD/rubik/JPEGImages/288.jpg;LINEMOD/rubik;250;54;365;184;0
LINEMOD/rubik/JPEGImages/289.jpg;LINEMOD/rubik;250;54;366;185;0
LINEMOD/rubik/JPEGImages/290.jpg;LINEMOD/rubik;249;54;366;185;0
LINEMOD/rubik/JPEGImages/291.jpg;LINEMOD/rubik;249;54;365;185;0
LINEMOD/rubik/JPEGImages/292.jpg;LINEMOD/rubik;248;54;365;185;0
LINEMOD/rubik/JPEGImages/293.jpg;LINEMOD/rubik;248;55;364;185;0
LINEMOD/rubik/JPEGImages/294.jpg;LINEMOD/rubik;247;56;363;186;0
LINEMOD/rubik/JPEGImages/295.jpg;LINEMOD/rubik;248;57;363;188;0
LINEMOD/rubik/JPEGImages/296.jpg;LINEMOD/rubik;248;59;363;189;0
LINEMOD/rubik/JPEGImages/297.jpg;LINEMOD/rubik;247;60;362;190;0
LINEMOD/rubik/JPEGImages/298.jpg;LINEMOD/rubik;248;62;362;192;0
LINEMOD/rubik/JPEGImages/299.jpg;LINEMOD/rubik;247;64;361;195;0
LINEMOD/rubik/JPEGImages/300.jpg;LINEMOD/rubik;247;67;359;197;0
LINEMOD/rubik/JPEGImages/301.jpg;LINEMOD/rubik;246;70;358;200;0
LINEMOD/rubik/JPEGImages/302.jpg;LINEMOD/rubik;245;71;357;201;0
LINEMOD/rubik/JPEGImages/303.jpg;LINEMOD/rubik;244;73;355;204;0
LINEMOD/rubik/JPEGImages/304.jpg;LINEMOD/rubik;244;76;355;206;0
LINEMOD/rubik/JPEGImages/305.jpg;LINEMOD/rubik;248;77;357;208;0
LINEMOD/rubik/JPEGImages/306.jpg;LINEMOD/rubik;254;79;363;208;0
LINEMOD/rubik/JPEGImages/307.jpg;LINEMOD/rubik;259;79;368;209;0
LINEMOD/rubik/JPEGImages/308.jpg;LINEMOD/rubik;262;80;370;210;0
LINEMOD/rubik/JPEGImages/309.jpg;LINEMOD/rubik;265;81;373;211;0
LINEMOD/rubik/JPEGImages/310.jpg;LINEMOD/rubik;269;82;376;212;0
LINEMOD/rubik/JPEGImages/311.jpg;LINEMOD/rubik;277;82;384;212;0
LINEMOD/rubik/JPEGImages/312.jpg;LINEMOD/rubik;281;82;388;212;0
LINEMOD/rubik/JPEGImages/313.jpg;LINEMOD/rubik;284;82;390;212;0
LINEMOD/rubik/JPEGImages/314.jpg;LINEMOD/rubik;285;83;390;213;0
LINEMOD/rubik/JPEGImages/315.jpg;LINEMOD/rubik;286;84;390;214;0
LINEMOD/rubik/JPEGImages/316.jpg;LINEMOD/rubik;289;84;393;214;0
LINEMOD/rubik/JPEGImages/317.jpg;LINEMOD/rubik;292;85;395;214;0
LINEMOD/rubik/JPEGImages/318.jpg;LINEMOD/rubik;296;85;399;213;0
LINEMOD/rubik/JPEGImages/319.jpg;LINEMOD/rubik;300;85;403;214;0
LINEMOD/rubik/JPEGImages/320.jpg;LINEMOD/rubik;305;84;407;214;0
LINEMOD/rubik/JPEGImages/321.jpg;LINEMOD/rubik;306;84;408;213;0
LINEMOD/rubik/JPEGImages/322.jpg;LINEMOD/rubik;307;85;409;213;0
LINEMOD/rubik/JPEGImages/323.jpg;LINEMOD/rubik;308;84;410;213;0
LINEMOD/rubik/JPEGImages/324.jpg;LINEMOD/rubik;310;84;411;213;0
LINEMOD/rubik/JPEGImages/325.jpg;LINEMOD/rubik;312;84;414;212;0
LINEMOD/rubik/JPEGImages/326.jpg;LINEMOD/rubik;314;84;416;213;0
LINEMOD/rubik/JPEGImages/327.jpg;LINEMOD/rubik;315;84;416;213;0
LINEMOD/rubik/JPEGImages/328.jpg;LINEMOD/rubik;315;84;417;213;0
LINEMOD/rubik/JPEGImages/329.jpg;LINEMOD/rubik;316;85;417;213;0
LINEMOD/rubik/JPEGImages/330.jpg;LINEMOD/rubik;315;84;417;212;0
LINEMOD/rubik/JPEGImages/331.jpg;LINEMOD/rubik;316;84;417;213;0
LINEMOD/rubik/JPEGImages/332.jpg;LINEMOD/rubik;316;84;417;213;0
LINEMOD/rubik/JPEGImages/333.jpg;LINEMOD/rubik;279;77;380;204;0
LINEMOD/rubik/JPEGImages/334.jpg;LINEMOD/rubik;259;78;367;202;0
LINEMOD/rubik/JPEGImages/335.jpg;LINEMOD/rubik;260;79;368;202;0
LINEMOD/rubik/JPEGImages/336.jpg;LINEMOD/rubik;259;78;367;202;0
LINEMOD/rubik/JPEGImages/337.jpg;LINEMOD/rubik;260;79;367;202;0
LINEMOD/rubik/JPEGImages/338.jpg;LINEMOD/rubik;259;79;367;202;0
LINEMOD/rubik/JPEGImages/339.jpg;LINEMOD/rubik;259;79;367;202;0
LINEMOD/rubik/JPEGImages/340.jpg;LINEMOD/rubik;260;78;367;202;0
LINEMOD/rubik/JPEGImages/341.jpg;LINEMOD/rubik;260;78;367;202;0
LINEMOD/rubik/JPEGImages/342.jpg;LINEMOD/rubik;259;79;367;202;0
LINEMOD/rubik/JPEGImages/343.jpg;LINEMOD/rubik;258;79;366;203;0
LINEMOD/rubik/JPEGImages/344.jpg;LINEMOD/rubik;255;79;363;203;0
LINEMOD/rubik/JPEGImages/345.jpg;LINEMOD/rubik;253;80;361;205;0
LINEMOD/rubik/JPEGImages/346.jpg;LINEMOD/rubik;252;80;360;205;0
LINEMOD/rubik/JPEGImages/347.jpg;LINEMOD/rubik;251;81;359;207;0
LINEMOD/rubik/JPEGImages/348.jpg;LINEMOD/rubik;249;82;358;209;0
LINEMOD/rubik/JPEGImages/349.jpg;LINEMOD/rubik;247;84;356;211;0
LINEMOD/rubik/JPEGImages/350.jpg;LINEMOD/rubik;245;84;356;212;0
LINEMOD/rubik/JPEGImages/351.jpg;LINEMOD/rubik;245;86;357;215;0
LINEMOD/rubik/JPEGImages/352.jpg;LINEMOD/rubik;247;87;361;218;0
LINEMOD/rubik/JPEGImages/353.jpg;LINEMOD/rubik;248;88;362;220;0
LINEMOD/rubik/JPEGImages/354.jpg;LINEMOD/rubik;248;89;364;221;0
LINEMOD/rubik/JPEGImages/355.jpg;LINEMOD/rubik;248;89;364;222;0
LINEMOD/rubik/JPEGImages/356.jpg;LINEMOD/rubik;249;90;366;223;0
LINEMOD/rubik/JPEGImages/357.jpg;LINEMOD/rubik;256;91;373;224;0
LINEMOD/rubik/JPEGImages/358.jpg;LINEMOD/rubik;261;91;378;225;0
LINEMOD/rubik/JPEGImages/359.jpg;LINEMOD/rubik;265;91;382;226;0
LINEMOD/rubik/JPEGImages/360.jpg;LINEMOD/rubik;265;91;384;225;0
LINEMOD/rubik/JPEGImages/361.jpg;LINEMOD/rubik;266;92;385;227;0
LINEMOD/rubik/JPEGImages/362.jpg;LINEMOD/rubik;266;92;387;229;0
LINEMOD/rubik/JPEGImages/363.jpg;LINEMOD/rubik;274;92;396;228;0
LINEMOD/rubik/JPEGImages/364.jpg;LINEMOD/rubik;277;92;400;229;0
LINEMOD/rubik/JPEGImages/365.jpg;LINEMOD/rubik;281;92;404;228;0
LINEMOD/rubik/JPEGImages/366.jpg;LINEMOD/rubik;281;92;406;230;0
LINEMOD/rubik/JPEGImages/367.jpg;LINEMOD/rubik;282;92;406;231;0
LINEMOD/rubik/JPEGImages/368.jpg;LINEMOD/rubik;282;93;407;231;0
LINEMOD/rubik/JPEGImages/369.jpg;LINEMOD/rubik;282;93;407;231;0
LINEMOD/rubik/JPEGImages/370.jpg;LINEMOD/rubik;284;92;410;232;0
LINEMOD/rubik/JPEGImages/371.jpg;LINEMOD/rubik;286;93;412;231;0
LINEMOD/rubik/JPEGImages/372.jpg;LINEMOD/rubik;290;92;416;232;0
LINEMOD/rubik/JPEGImages/373.jpg;LINEMOD/rubik;292;92;419;231;0
LINEMOD/rubik/JPEGImages/374.jpg;LINEMOD/rubik;297;92;424;232;0
LINEMOD/rubik/JPEGImages/375.jpg;LINEMOD/rubik;302;93;430;232;0
LINEMOD/rubik/JPEGImages/376.jpg;LINEMOD/rubik;305;93;433;232;0
LINEMOD/rubik/JPEGImages/377.jpg;LINEMOD/rubik;306;93;433;232;0
LINEMOD/rubik/JPEGImages/378.jpg;LINEMOD/rubik;306;92;434;232;0
LINEMOD/rubik/JPEGImages/379.jpg;LINEMOD/rubik;306;92;433;231;0
LINEMOD/rubik/JPEGImages/380.jpg;LINEMOD/rubik;307;93;433;232;0
LINEMOD/rubik/JPEGImages/381.jpg;LINEMOD/rubik;306;93;433;232;0
LINEMOD/rubik/JPEGImages/382.jpg;LINEMOD/rubik;306;93;433;232;0
LINEMOD/rubik/JPEGImages/383.jpg;LINEMOD/rubik;306;92;433;232;0
LINEMOD/rubik/JPEGImages/384.jpg;LINEMOD/rubik;306;93;433;232;0
LINEMOD/rubik/JPEGImages/385.jpg;LINEMOD/rubik;306;93;433;232;0
LINEMOD/rubik/JPEGImages/386.jpg;LINEMOD/rubik;306;92;433;232;0
LINEMOD/rubik/JPEGImages/387.jpg;LINEMOD/rubik;305;93;432;232;0
LINEMOD/rubik/JPEGImages/388.jpg;LINEMOD/rubik;303;93;430;232;0
LINEMOD/rubik/JPEGImages/389.jpg;LINEMOD/rubik;302;93;429;232;0
LINEMOD/rubik/JPEGImages/390.jpg;LINEMOD/rubik;301;93;428;233;0
LINEMOD/rubik/JPEGImages/391.jpg;LINEMOD/rubik;298;94;425;233;0
LINEMOD/rubik/JPEGImages/392.jpg;LINEMOD/rubik;294;95;421;235;0
LINEMOD/rubik/JPEGImages/393.jpg;LINEMOD/rubik;290;97;416;236;0
LINEMOD/rubik/JPEGImages/394.jpg;LINEMOD/rubik;287;97;413;236;0
LINEMOD/rubik/JPEGImages/395.jpg;LINEMOD/rubik;283;98;409;236;0
LINEMOD/rubik/JPEGImages/396.jpg;LINEMOD/rubik;280;98;406;238;0
LINEMOD/rubik/JPEGImages/397.jpg;LINEMOD/rubik;280;99;404;237;0
LINEMOD/rubik/JPEGImages/398.jpg;LINEMOD/rubik;280;99;404;237;0
LINEMOD/rubik/JPEGImages/399.jpg;LINEMOD/rubik;280;99;403;237;0
LINEMOD/rubik/JPEGImages/400.jpg;LINEMOD/rubik;279;98;402;237;0
LINEMOD/rubik/JPEGImages/401.jpg;LINEMOD/rubik;277;99;400;236;0
LINEMOD/rubik/JPEGImages/402.jpg;LINEMOD/rubik;276;99;397;236;0
LINEMOD/rubik/JPEGImages/403.jpg;LINEMOD/rubik;277;99;397;236;0
LINEMOD/rubik/JPEGImages/404.jpg;LINEMOD/rubik;277;99;397;235;0
LINEMOD/rubik/JPEGImages/405.jpg;LINEMOD/rubik;278;100;398;235;0
LINEMOD/rubik/JPEGImages/406.jpg;LINEMOD/rubik;280;99;399;234;0
LINEMOD/rubik/JPEGImages/407.jpg;LINEMOD/rubik;280;99;398;233;0
LINEMOD/rubik/JPEGImages/408.jpg;LINEMOD/rubik;279;99;396;232;0
LINEMOD/rubik/JPEGImages/409.jpg;LINEMOD/rubik;279;98;396;231;0
LINEMOD/rubik/JPEGImages/410.jpg;LINEMOD/rubik;278;97;394;230;0
LINEMOD/rubik/JPEGImages/411.jpg;LINEMOD/rubik;277;97;393;229;0
LINEMOD/rubik/JPEGImages/412.jpg;LINEMOD/rubik;276;96;391;227;0
LINEMOD/rubik/JPEGImages/413.jpg;LINEMOD/rubik;276;95;390;225;0
LINEMOD/rubik/JPEGImages/414.jpg;LINEMOD/rubik;277;94;390;225;0
LINEMOD/rubik/JPEGImages/415.jpg;LINEMOD/rubik;277;94;389;223;0
LINEMOD/rubik/JPEGImages/416.jpg;LINEMOD/rubik;278;93;390;221;0
LINEMOD/rubik/JPEGImages/417.jpg;LINEMOD/rubik;281;92;392;220;0
LINEMOD/rubik/JPEGImages/418.jpg;LINEMOD/rubik;283;91;393;219;0
LINEMOD/rubik/JPEGImages/419.jpg;LINEMOD/rubik;283;91;393;218;0
LINEMOD/rubik/JPEGImages/420.jpg;LINEMOD/rubik;283;91;393;217;0
LINEMOD/rubik/JPEGImages/421.jpg;LINEMOD/rubik;283;90;392;215;0
LINEMOD/rubik/JPEGImages/422.jpg;LINEMOD/rubik;283;89;392;215;0
LINEMOD/rubik/JPEGImages/423.jpg;LINEMOD/rubik;283;88;393;214;0
LINEMOD/rubik/JPEGImages/424.jpg;LINEMOD/rubik;283;87;392;214;0
LINEMOD/rubik/JPEGImages/425.jpg;LINEMOD/rubik;283;86;392;213;0
LINEMOD/rubik/JPEGImages/426.jpg;LINEMOD/rubik;284;84;394;212;0
LINEMOD/rubik/JPEGImages/427.jpg;LINEMOD/rubik;287;84;397;212;0
LINEMOD/rubik/JPEGImages/428.jpg;LINEMOD/rubik;289;83;398;212;0
LINEMOD/rubik/JPEGImages/429.jpg;LINEMOD/rubik;292;82;402;212;0
LINEMOD/rubik/JPEGImages/430.jpg;LINEMOD/rubik;296;81;407;211;0
LINEMOD/rubik/JPEGImages/431.jpg;LINEMOD/rubik;297;79;408;209;0
LINEMOD/rubik/JPEGImages/432.jpg;LINEMOD/rubik;294;76;406;208;0
LINEMOD/rubik/JPEGImages/433.jpg;LINEMOD/rubik;293;74;405;206;0
LINEMOD/rubik/JPEGImages/434.jpg;LINEMOD/rubik;290;73;403;204;0
LINEMOD/rubik/JPEGImages/435.jpg;LINEMOD/rubik;287;70;399;203;0
LINEMOD/rubik/JPEGImages/436.jpg;LINEMOD/rubik;284;68;398;201;0
LINEMOD/rubik/JPEGImages/437.jpg;LINEMOD/rubik;283;68;396;201;0
LINEMOD/rubik/JPEGImages/438.jpg;LINEMOD/rubik;281;67;395;200;0
LINEMOD/rubik/JPEGImages/439.jpg;LINEMOD/rubik;278;66;391;199;0
LINEMOD/rubik/JPEGImages/440.jpg;LINEMOD/rubik;273;65;386;198;0
LINEMOD/rubik/JPEGImages/441.jpg;LINEMOD/rubik;267;65;380;198;0
LINEMOD/rubik/JPEGImages/442.jpg;LINEMOD/rubik;264;65;378;199;0
LINEMOD/rubik/JPEGImages/443.jpg;LINEMOD/rubik;258;64;372;198;0
LINEMOD/rubik/JPEGImages/444.jpg;LINEMOD/rubik;255;64;369;198;0
LINEMOD/rubik/JPEGImages/445.jpg;LINEMOD/rubik;252;64;366;198;0
LINEMOD/rubik/JPEGImages/446.jpg;LINEMOD/rubik;250;64;363;199;0
LINEMOD/rubik/JPEGImages/447.jpg;LINEMOD/rubik;248;65;363;198;0
LINEMOD/rubik/JPEGImages/448.jpg;LINEMOD/rubik;247;64;362;198;0
LINEMOD/rubik/JPEGImages/449.jpg;LINEMOD/rubik;246;64;361;198;0
LINEMOD/rubik/JPEGImages/450.jpg;LINEMOD/rubik;247;64;361;198;0
LINEMOD/rubik/JPEGImages/451.jpg;LINEMOD/rubik;246;65;361;198;0
LINEMOD/rubik/JPEGImages/452.jpg;LINEMOD/rubik;246;65;361;198;0
LINEMOD/rubik/JPEGImages/453.jpg;LINEMOD/rubik;247;64;361;198;0
LINEMOD/rubik/JPEGImages/454.jpg;LINEMOD/rubik;247;65;361;197;0
LINEMOD/rubik/JPEGImages/455.jpg;LINEMOD/rubik;246;64;361;198;0
LINEMOD/rubik/JPEGImages/456.jpg;LINEMOD/rubik;245;64;360;198;0
LINEMOD/rubik/JPEGImages/457.jpg;LINEMOD/rubik;245;65;359;198;0
LINEMOD/rubik/JPEGImages/458.jpg;LINEMOD/rubik;244;65;358;198;0
LINEMOD/rubik/JPEGImages/459.jpg;LINEMOD/rubik;243;65;356;198;0
LINEMOD/rubik/JPEGImages/460.jpg;LINEMOD/rubik;242;66;355;198;0
LINEMOD/rubik/JPEGImages/461.jpg;LINEMOD/rubik;240;67;353;199;0
LINEMOD/rubik/JPEGImages/462.jpg;LINEMOD/rubik;239;68;352;199;0
LINEMOD/rubik/JPEGImages/463.jpg;LINEMOD/rubik;239;68;352;199;0
LINEMOD/rubik/JPEGImages/464.jpg;LINEMOD/rubik;238;69;350;200;0
LINEMOD/rubik/JPEGImages/465.jpg;LINEMOD/rubik;237;71;349;201;0
LINEMOD/rubik/JPEGImages/466.jpg;LINEMOD/rubik;237;73;348;202;0
LINEMOD/rubik/JPEGImages/467.jpg;LINEMOD/rubik;238;74;350;203;0
LINEMOD/rubik/JPEGImages/468.jpg;LINEMOD/rubik;239;74;350;203;0
LINEMOD/rubik/JPEGImages/469.jpg;LINEMOD/rubik;241;76;352;204;0
LINEMOD/rubik/JPEGImages/470.jpg;LINEMOD/rubik;244;76;354;205;0
LINEMOD/rubik/JPEGImages/471.jpg;LINEMOD/rubik;245;78;354;205;0
LINEMOD/rubik/JPEGImages/472.jpg;LINEMOD/rubik;244;79;354;205;0
LINEMOD/rubik/JPEGImages/473.jpg;LINEMOD/rubik;251;78;361;204;0
LINEMOD/rubik/JPEGImages/474.jpg;LINEMOD/rubik;253;78;362;205;0
LINEMOD/rubik/JPEGImages/475.jpg;LINEMOD/rubik;254;79;363;205;0
LINEMOD/rubik/JPEGImages/476.jpg;LINEMOD/rubik;255;79;363;205;0
LINEMOD/rubik/JPEGImages/477.jpg;LINEMOD/rubik;257;81;366;205;0
LINEMOD/rubik/JPEGImages/478.jpg;LINEMOD/rubik;260;81;369;206;0
LINEMOD/rubik/JPEGImages/479.jpg;LINEMOD/rubik;264;81;372;206;0
LINEMOD/rubik/JPEGImages/480.jpg;LINEMOD/rubik;268;82;376;206;0
LINEMOD/rubik/JPEGImages/481.jpg;LINEMOD/rubik;270;81;378;206;0
LINEMOD/rubik/JPEGImages/482.jpg;LINEMOD/rubik;271;81;380;205;0
LINEMOD/rubik/JPEGImages/483.jpg;LINEMOD/rubik;273;81;382;206;0
LINEMOD/rubik/JPEGImages/484.jpg;LINEMOD/rubik;277;81;385;205;0
LINEMOD/rubik/JPEGImages/485.jpg;LINEMOD/rubik;280;80;388;205;0
LINEMOD/rubik/JPEGImages/486.jpg;LINEMOD/rubik;284;80;392;205;0
LINEMOD/rubik/JPEGImages/487.jpg;LINEMOD/rubik;285;80;394;205;0
LINEMOD/rubik/JPEGImages/488.jpg;LINEMOD/rubik;284;81;393;207;0
LINEMOD/rubik/JPEGImages/489.jpg;LINEMOD/rubik;282;82;392;208;0
LINEMOD/rubik/JPEGImages/490.jpg;LINEMOD/rubik;282;82;392;210;0
LINEMOD/rubik/JPEGImages/491.jpg;LINEMOD/rubik;282;82;393;210;0
LINEMOD/rubik/JPEGImages/492.jpg;LINEMOD/rubik;281;82;393;211;0
LINEMOD/rubik/JPEGImages/493.jpg;LINEMOD/rubik;278;82;390;211;0
LINEMOD/rubik/JPEGImages/494.jpg;LINEMOD/rubik;276;83;389;212;0
LINEMOD/rubik/JPEGImages/495.jpg;LINEMOD/rubik;273;83;386;212;0
LINEMOD/rubik/JPEGImages/496.jpg;LINEMOD/rubik;272;84;385;213;0
LINEMOD/rubik/JPEGImages/497.jpg;LINEMOD/rubik;270;83;383;213;0
LINEMOD/rubik/JPEGImages/498.jpg;LINEMOD/rubik;269;84;382;214;0
LINEMOD/rubik/JPEGImages/499.jpg;LINEMOD/rubik;267;85;380;215;0
LINEMOD/rubik/JPEGImages/500.jpg;LINEMOD/rubik;265;84;379;215;0
LINEMOD/rubik/JPEGImages/501.jpg;LINEMOD/rubik;263;86;377;216;0
LINEMOD/rubik/JPEGImages/502.jpg;LINEMOD/rubik;262;85;376;217;0
LINEMOD/rubik/JPEGImages/503.jpg;LINEMOD/rubik;262;58;361;183;0
LINEMOD/rubik/JPEGImages/504.jpg;LINEMOD/rubik;262;59;361;182;0
LINEMOD/rubik/JPEGImages/505.jpg;LINEMOD/rubik;262;59;361;183;0
LINEMOD/rubik/JPEGImages/506.jpg;LINEMOD/rubik;262;59;361;182;0
LINEMOD/rubik/JPEGImages/507.jpg;LINEMOD/rubik;262;59;361;183;0
LINEMOD/rubik/JPEGImages/508.jpg;LINEMOD/rubik;263;59;361;183;0
LINEMOD/rubik/JPEGImages/509.jpg;LINEMOD/rubik;262;59;361;183;0
LINEMOD/rubik/JPEGImages/510.jpg;LINEMOD/rubik;262;59;361;183;0
LINEMOD/rubik/JPEGImages/511.jpg;LINEMOD/rubik;262;59;361;183;0
LINEMOD/rubik/JPEGImages/512.jpg;LINEMOD/rubik;262;58;361;182;0
LINEMOD/rubik/JPEGImages/513.jpg;LINEMOD/rubik;261;58;360;182;0
LINEMOD/rubik/JPEGImages/514.jpg;LINEMOD/rubik;260;58;359;182;0
LINEMOD/rubik/JPEGImages/515.jpg;LINEMOD/rubik;259;58;357;182;0
LINEMOD/rubik/JPEGImages/516.jpg;LINEMOD/rubik;257;57;355;182;0
LINEMOD/rubik/JPEGImages/517.jpg;LINEMOD/rubik;255;57;353;182;0
LINEMOD/rubik/JPEGImages/518.jpg;LINEMOD/rubik;252;57;351;182;0
LINEMOD/rubik/JPEGImages/519.jpg;LINEMOD/rubik;251;57;350;183;0
LINEMOD/rubik/JPEGImages/520.jpg;LINEMOD/rubik;249;56;349;183;0
LINEMOD/rubik/JPEGImages/521.jpg;LINEMOD/rubik;249;56;350;184;0
LINEMOD/rubik/JPEGImages/522.jpg;LINEMOD/rubik;250;57;352;185;0
LINEMOD/rubik/JPEGImages/523.jpg;LINEMOD/rubik;251;57;354;185;0
LINEMOD/rubik/JPEGImages/524.jpg;LINEMOD/rubik;252;56;355;185;0
LINEMOD/rubik/JPEGImages/525.jpg;LINEMOD/rubik;256;56;361;185;0
LINEMOD/rubik/JPEGImages/526.jpg;LINEMOD/rubik;260;55;366;185;0
LINEMOD/rubik/JPEGImages/527.jpg;LINEMOD/rubik;259;56;366;186;0
LINEMOD/rubik/JPEGImages/528.jpg;LINEMOD/rubik;258;57;365;187;0
LINEMOD/rubik/JPEGImages/529.jpg;LINEMOD/rubik;257;57;365;188;0
LINEMOD/rubik/JPEGImages/530.jpg;LINEMOD/rubik;255;58;364;189;0
LINEMOD/rubik/JPEGImages/531.jpg;LINEMOD/rubik;254;58;364;190;0
LINEMOD/rubik/JPEGImages/532.jpg;LINEMOD/rubik;254;59;365;191;0
LINEMOD/rubik/JPEGImages/533.jpg;LINEMOD/rubik;255;59;367;193;0
LINEMOD/rubik/JPEGImages/534.jpg;LINEMOD/rubik;257;59;368;193;0
LINEMOD/rubik/JPEGImages/535.jpg;LINEMOD/rubik;260;60;373;194;0
LINEMOD/rubik/JPEGImages/536.jpg;LINEMOD/rubik;266;60;380;194;0
LINEMOD/rubik/JPEGImages/537.jpg;LINEMOD/rubik;272;60;386;195;0
LINEMOD/rubik/JPEGImages/538.jpg;LINEMOD/rubik;277;60;391;195;0
LINEMOD/rubik/JPEGImages/539.jpg;LINEMOD/rubik;279;60;394;194;0
LINEMOD/rubik/JPEGImages/540.jpg;LINEMOD/rubik;281;61;396;196;0
LINEMOD/rubik/JPEGImages/541.jpg;LINEMOD/rubik;281;60;397;196;0
LINEMOD/rubik/JPEGImages/542.jpg;LINEMOD/rubik;283;61;399;197;0
LINEMOD/rubik/JPEGImages/543.jpg;LINEMOD/rubik;285;61;401;197;0
LINEMOD/rubik/JPEGImages/544.jpg;LINEMOD/rubik;286;61;402;197;0
LINEMOD/rubik/JPEGImages/545.jpg;LINEMOD/rubik;287;62;403;198;0
LINEMOD/rubik/JPEGImages/546.jpg;LINEMOD/rubik;287;62;403;198;0
LINEMOD/rubik/JPEGImages/547.jpg;LINEMOD/rubik;286;62;403;198;0
LINEMOD/rubik/JPEGImages/548.jpg;LINEMOD/rubik;287;62;403;198;0
LINEMOD/rubik/JPEGImages/549.jpg;LINEMOD/rubik;286;63;403;198;0
LINEMOD/rubik/JPEGImages/550.jpg;LINEMOD/rubik;287;61;403;198;0
LINEMOD/rubik/JPEGImages/551.jpg;LINEMOD/rubik;286;62;403;198;0
LINEMOD/rubik/JPEGImages/552.jpg;LINEMOD/rubik;286;63;403;198;0
LINEMOD/rubik/JPEGImages/553.jpg;LINEMOD/rubik;287;61;403;199;0
LINEMOD/rubik/JPEGImages/554.jpg;LINEMOD/rubik;287;62;403;198;0
LINEMOD/rubik/JPEGImages/555.jpg;LINEMOD/rubik;287;62;403;199;0
LINEMOD/rubik/JPEGImages/556.jpg;LINEMOD/rubik;287;62;403;198;0
LINEMOD/rubik/JPEGImages/557.jpg;LINEMOD/rubik;287;62;404;198;0
LINEMOD/rubik/JPEGImages/558.jpg;LINEMOD/rubik;288;62;405;198;0
LINEMOD/rubik/JPEGImages/559.jpg;LINEMOD/rubik;290;62;406;199;0
LINEMOD/rubik/JPEGImages/560.jpg;LINEMOD/rubik;290;63;407;198;0
LINEMOD/rubik/JPEGImages/561.jpg;LINEMOD/rubik;289;63;404;199;0
LINEMOD/rubik/JPEGImages/562.jpg;LINEMOD/rubik;287;64;402;199;0
LINEMOD/rubik/JPEGImages/563.jpg;LINEMOD/rubik;286;65;401;200;0
LINEMOD/rubik/JPEGImages/564.jpg;LINEMOD/rubik;285;66;399;200;0
LINEMOD/rubik/JPEGImages/565.jpg;LINEMOD/rubik;283;67;397;201;0
LINEMOD/rubik/JPEGImages/566.jpg;LINEMOD/rubik;281;67;395;201;0
LINEMOD/rubik/JPEGImages/567.jpg;LINEMOD/rubik;280;67;392;201;0
LINEMOD/rubik/JPEGImages/568.jpg;LINEMOD/rubik;278;67;391;201;0
LINEMOD/rubik/JPEGImages/569.jpg;LINEMOD/rubik;275;68;386;201;0
LINEMOD/rubik/JPEGImages/570.jpg;LINEMOD/rubik;271;68;381;201;0
LINEMOD/rubik/JPEGImages/571.jpg;LINEMOD/rubik;269;68;379;200;0
LINEMOD/rubik/JPEGImages/572.jpg;LINEMOD/rubik;269;68;377;200;0
LINEMOD/rubik/JPEGImages/573.jpg;LINEMOD/rubik;271;68;379;199;0
LINEMOD/rubik/JPEGImages/574.jpg;LINEMOD/rubik;272;67;378;198;0
LINEMOD/rubik/JPEGImages/575.jpg;LINEMOD/rubik;272;66;378;197;0
LINEMOD/rubik/JPEGImages/576.jpg;LINEMOD/rubik;270;66;375;196;0
LINEMOD/rubik/JPEGImages/577.jpg;LINEMOD/rubik;269;66;372;195;0
LINEMOD/rubik/JPEGImages/578.jpg;LINEMOD/rubik;268;65;372;195;0
LINEMOD/rubik/JPEGImages/579.jpg;LINEMOD/rubik;269;65;371;194;0
LINEMOD/rubik/JPEGImages/580.jpg;LINEMOD/rubik;268;66;369;193;0
LINEMOD/rubik/JPEGImages/581.jpg;LINEMOD/rubik;266;65;367;192;0
LINEMOD/rubik/JPEGImages/582.jpg;LINEMOD/rubik;265;65;365;192;0
LINEMOD/rubik/JPEGImages/583.jpg;LINEMOD/rubik;262;65;362;192;0
LINEMOD/rubik/JPEGImages/584.jpg;LINEMOD/rubik;260;64;359;191;0
LINEMOD/rubik/JPEGImages/585.jpg;LINEMOD/rubik;258;64;357;190;0
LINEMOD/rubik/JPEGImages/586.jpg;LINEMOD/rubik;255;63;355;189;0
LINEMOD/rubik/JPEGImages/587.jpg;LINEMOD/rubik;254;63;354;189;0
LINEMOD/rubik/JPEGImages/588.jpg;LINEMOD/rubik;250;62;349;187;0
LINEMOD/rubik/JPEGImages/589.jpg;LINEMOD/rubik;245;62;345;186;0
LINEMOD/rubik/JPEGImages/590.jpg;LINEMOD/rubik;242;60;342;186;0
LINEMOD/rubik/JPEGImages/591.jpg;LINEMOD/rubik;237;59;339;184;0
LINEMOD/rubik/JPEGImages/592.jpg;LINEMOD/rubik;234;58;337;183;0
LINEMOD/rubik/JPEGImages/593.jpg;LINEMOD/rubik;234;57;337;182;0
LINEMOD/rubik/JPEGImages/594.jpg;LINEMOD/rubik;235;54;340;180;0
LINEMOD/rubik/JPEGImages/595.jpg;LINEMOD/rubik;232;52;338;178;0
LINEMOD/rubik/JPEGImages/596.jpg;LINEMOD/rubik;230;51;336;178;0
LINEMOD/rubik/JPEGImages/597.jpg;LINEMOD/rubik;226;50;333;177;0
LINEMOD/rubik/JPEGImages/598.jpg;LINEMOD/rubik;222;49;330;176;0
LINEMOD/rubik/JPEGImages/599.jpg;LINEMOD/rubik;221;48;329;175;0
LINEMOD/rubik/JPEGImages/600.jpg;LINEMOD/rubik;221;47;330;174;0
LINEMOD/rubik/JPEGImages/601.jpg;LINEMOD/rubik;221;46;331;173;0
LINEMOD/rubik/JPEGImages/602.jpg;LINEMOD/rubik;220;45;331;173;0
LINEMOD/rubik/JPEGImages/603.jpg;LINEMOD/rubik;220;44;330;172;0
LINEMOD/rubik/JPEGImages/604.jpg;LINEMOD/rubik;220;43;332;171;0
LINEMOD/rubik/JPEGImages/605.jpg;LINEMOD/rubik;222;42;333;170;0
LINEMOD/rubik/JPEGImages/606.jpg;LINEMOD/rubik;223;41;335;169;0
LINEMOD/rubik/JPEGImages/607.jpg;LINEMOD/rubik;224;40;336;168;0
LINEMOD/rubik/JPEGImages/608.jpg;LINEMOD/rubik;223;40;336;168;0
LINEMOD/rubik/JPEGImages/609.jpg;LINEMOD/rubik;223;40;336;168;0
LINEMOD/rubik/JPEGImages/610.jpg;LINEMOD/rubik;223;40;336;168;0
LINEMOD/rubik/JPEGImages/611.jpg;LINEMOD/rubik;223;39;336;168;0
LINEMOD/rubik/JPEGImages/612.jpg;LINEMOD/rubik;223;40;336;168;0
LINEMOD/rubik/JPEGImages/613.jpg;LINEMOD/rubik;224;39;336;168;0
LINEMOD/rubik/JPEGImages/614.jpg;LINEMOD/rubik;224;40;336;168;0
LINEMOD/rubik/JPEGImages/615.jpg;LINEMOD/rubik;224;40;336;168;0
LINEMOD/rubik/JPEGImages/616.jpg;LINEMOD/rubik;223;40;337;168;0
LINEMOD/rubik/JPEGImages/617.jpg;LINEMOD/rubik;224;40;337;168;0
LINEMOD/rubik/JPEGImages/618.jpg;LINEMOD/rubik;224;41;336;168;0
LINEMOD/rubik/JPEGImages/619.jpg;LINEMOD/rubik;224;39;337;168;0
LINEMOD/rubik/JPEGImages/620.jpg;LINEMOD/rubik;224;40;337;168;0
LINEMOD/rubik/JPEGImages/621.jpg;LINEMOD/rubik;224;40;336;168;0
LINEMOD/rubik/JPEGImages/622.jpg;LINEMOD/rubik;224;40;336;168;0
LINEMOD/rubik/JPEGImages/623.jpg;LINEMOD/rubik;223;40;336;168;0
LINEMOD/rubik/JPEGImages/624.jpg;LINEMOD/rubik;223;41;336;169;0
LINEMOD/rubik/JPEGImages/625.jpg;LINEMOD/rubik;223;40;334;169;0
LINEMOD/rubik/JPEGImages/626.jpg;LINEMOD/rubik;221;42;334;170;0
LINEMOD/rubik/JPEGImages/627.jpg;LINEMOD/rubik;219;43;331;171;0
LINEMOD/rubik/JPEGImages/628.jpg;LINEMOD/rubik;214;44;326;173;0
LINEMOD/rubik/JPEGImages/629.jpg;LINEMOD/rubik;212;45;324;174;0
LINEMOD/rubik/JPEGImages/630.jpg;LINEMOD/rubik;209;48;320;176;0
LINEMOD/rubik/JPEGImages/631.jpg;LINEMOD/rubik;207;50;317;179;0
LINEMOD/rubik/JPEGImages/632.jpg;LINEMOD/rubik;204;52;315;181;0
LINEMOD/rubik/JPEGImages/633.jpg;LINEMOD/rubik;202;55;313;183;0
LINEMOD/rubik/JPEGImages/634.jpg;LINEMOD/rubik;202;56;312;184;0
LINEMOD/rubik/JPEGImages/635.jpg;LINEMOD/rubik;203;57;313;186;0
LINEMOD/rubik/JPEGImages/636.jpg;LINEMOD/rubik;206;59;315;187;0
LINEMOD/rubik/JPEGImages/637.jpg;LINEMOD/rubik;210;59;318;187;0
LINEMOD/rubik/JPEGImages/638.jpg;LINEMOD/rubik;213;60;321;188;0
LINEMOD/rubik/JPEGImages/639.jpg;LINEMOD/rubik;214;61;322;189;0
LINEMOD/rubik/JPEGImages/640.jpg;LINEMOD/rubik;217;62;324;189;0
LINEMOD/rubik/JPEGImages/641.jpg;LINEMOD/rubik;217;63;324;191;0
LINEMOD/rubik/JPEGImages/642.jpg;LINEMOD/rubik;218;65;324;191;0
LINEMOD/rubik/JPEGImages/643.jpg;LINEMOD/rubik;218;65;324;193;0
LINEMOD/rubik/JPEGImages/644.jpg;LINEMOD/rubik;218;67;323;194;0
LINEMOD/rubik/JPEGImages/645.jpg;LINEMOD/rubik;218;67;322;194;0
LINEMOD/rubik/JPEGImages/646.jpg;LINEMOD/rubik;221;68;325;194;0
LINEMOD/rubik/JPEGImages/647.jpg;LINEMOD/rubik;221;68;325;194;0
LINEMOD/rubik/JPEGImages/648.jpg;LINEMOD/rubik;222;69;325;195;0
LINEMOD/rubik/JPEGImages/649.jpg;LINEMOD/rubik;223;69;325;196;0
LINEMOD/rubik/JPEGImages/650.jpg;LINEMOD/rubik;224;70;325;196;0
LINEMOD/rubik/JPEGImages/651.jpg;LINEMOD/rubik;225;71;326;197;0
LINEMOD/rubik/JPEGImages/652.jpg;LINEMOD/rubik;226;71;327;197;0
LINEMOD/rubik/JPEGImages/653.jpg;LINEMOD/rubik;229;71;330;198;0
LINEMOD/rubik/JPEGImages/654.jpg;LINEMOD/rubik;231;70;332;197;0
LINEMOD/rubik/JPEGImages/655.jpg;LINEMOD/rubik;233;71;333;198;0
LINEMOD/rubik/JPEGImages/656.jpg;LINEMOD/rubik;233;71;334;198;0
LINEMOD/rubik/JPEGImages/657.jpg;LINEMOD/rubik;233;71;334;198;0
LINEMOD/rubik/JPEGImages/658.jpg;LINEMOD/rubik;234;71;335;198;0
LINEMOD/rubik/JPEGImages/659.jpg;LINEMOD/rubik;236;70;336;198;0
LINEMOD/rubik/JPEGImages/660.jpg;LINEMOD/rubik;236;70;337;197;0
LINEMOD/rubik/JPEGImages/661.jpg;LINEMOD/rubik;238;70;338;197;0
LINEMOD/rubik/JPEGImages/662.jpg;LINEMOD/rubik;238;70;339;197;0
LINEMOD/rubik/JPEGImages/663.jpg;LINEMOD/rubik;239;69;339;197;0
LINEMOD/rubik/JPEGImages/664.jpg;LINEMOD/rubik;239;69;340;196;0
LINEMOD/rubik/JPEGImages/665.jpg;LINEMOD/rubik;240;69;340;196;0
LINEMOD/rubik/JPEGImages/666.jpg;LINEMOD/rubik;240;69;340;196;0
LINEMOD/rubik/JPEGImages/667.jpg;LINEMOD/rubik;239;69;340;197;0
LINEMOD/rubik/JPEGImages/668.jpg;LINEMOD/rubik;240;69;340;196;0
LINEMOD/rubik/JPEGImages/669.jpg;LINEMOD/rubik;240;69;340;196;0
